external_id,metadata,published_at,record_type,source,source_name,text,ticker,title,url
139482352,"{'category': 'company', 'datetime': 1773963300, 'headline': 'Prediction: This Neocloud Stock Will Outperform the ""Magnificent Seven"" in 2026', 'id': 139482352, 'image': 'https://s.yimg.com/rz/stage/p/yahoo_finance_en-US_h_p_finance_2.png', 'related': 'AAPL', 'source': 'Yahoo', 'summary': 'Neoclouds build their own data centers and subsequently rent access to GPU clusters to their customers.', 'url': 'https://finnhub.io/api/news?id=69c7a6041342b84aea1808fe845f29adc50f8232cf18f13b08bee77a827cb9ed'}",1773963300,news,finnhub_news,Yahoo,"Prediction: This Neocloud Stock Will Outperform the ""Magnificent Seven"" in 2026 Neoclouds build their own data centers and subsequently rent access to GPU clusters to their customers.",AAPL,"Prediction: This Neocloud Stock Will Outperform the ""Magnificent Seven"" in 2026",https://finnhub.io/api/news?id=69c7a6041342b84aea1808fe845f29adc50f8232cf18f13b08bee77a827cb9ed
139482360,"{'category': 'company', 'datetime': 1773953394, 'headline': 'Stocks Finish Lower as Iran War Spurs Inflation Concerns', 'id': 139482360, 'image': 'https://s.yimg.com/rz/stage/p/yahoo_finance_en-US_h_p_finance_2.png', 'related': 'AAPL', 'source': 'Yahoo', 'summary': 'The S&P 500 Index ($SPX ) (SPY ) on Thursday closed down -0.27%, the Dow Jones Industrial Average ($DOWI ) (DIA ) closed down -0.44%, and the Nasdaq 100 Index ($IUXX ) (QQQ ) closed down -0.29%. March E-mini S&P futures (ESH26 ) fell -0.24%, and March E-mini Nasdaq futures...', 'url': 'https://finnhub.io/api/news?id=06a18696a4d3e00ca8a0c55695d8fca1de76c466354959d50e7d0a9df9f4c785'}",1773953394,news,finnhub_news,Yahoo,"Stocks Finish Lower as Iran War Spurs Inflation Concerns The S&P 500 Index ($SPX ) (SPY ) on Thursday closed down -0.27%, the Dow Jones Industrial Average ($DOWI ) (DIA ) closed down -0.44%, and the Nasdaq 100 Index ($IUXX ) (QQQ ) closed down -0.29%. March E-mini S&P futures (ESH26 ) fell -0.24%, and March E-mini Nasdaq futures...",AAPL,Stocks Finish Lower as Iran War Spurs Inflation Concerns,https://finnhub.io/api/news?id=06a18696a4d3e00ca8a0c55695d8fca1de76c466354959d50e7d0a9df9f4c785
139481809,"{'category': 'company', 'datetime': 1773953101, 'headline': 'Family Manage LLC Initiates 15.58 Million Position in TCW Flexible Income ETF, According to Recent SEC Filing', 'id': 139481809, 'image': 'https://s.yimg.com/rz/stage/p/yahoo_finance_en-US_h_p_finance_2.png', 'related': 'AAPL', 'source': 'Yahoo', 'summary': 'The TCW Flexible Income ETF gives investors access to higher-yielding areas of the bond market through active positioning across credit and global sectors. Its appeal often comes from the potential to generate more income than traditional core bond funds, with results closely tied to how effectively the portfolio is positioned as market conditions evolve.', 'url': 'https://finnhub.io/api/news?id=f105690fd9c8d18824160fa0e6b241b5d744418e6433667aea6f523fae61a33c'}",1773953101,news,finnhub_news,Yahoo,"Family Manage LLC Initiates 15.58 Million Position in TCW Flexible Income ETF, According to Recent SEC Filing The TCW Flexible Income ETF gives investors access to higher-yielding areas of the bond market through active positioning across credit and global sectors. Its appeal often comes from the potential to generate more income than traditional core bond funds, with results closely tied to how effectively the portfolio is positioned as market conditions evolve.",AAPL,"Family Manage LLC Initiates 15.58 Million Position in TCW Flexible Income ETF, According to Recent SEC Filing",https://finnhub.io/api/news?id=f105690fd9c8d18824160fa0e6b241b5d744418e6433667aea6f523fae61a33c
139481157,"{'category': 'company', 'datetime': 1773948795, 'headline': ""Calydon Capital Dumps $9 Million of ZoomInfo Amid Stock's 92% Decline Since 2021"", 'id': 139481157, 'image': 'https://s.yimg.com/rz/stage/p/yahoo_finance_en-US_h_p_finance_2.png', 'related': 'AAPL', 'source': 'Yahoo', 'summary': 'ZoomInfo Technologies offers cloud-based data and workflow tools for sales, marketing, and recruiting teams across diverse industries.', 'url': 'https://finnhub.io/api/news?id=d9dbaa1391f237cf7e710719d36d616c334cd9f6c70cd079a4e13dbba50d5a27'}",1773948795,news,finnhub_news,Yahoo,"Calydon Capital Dumps $9 Million of ZoomInfo Amid Stock's 92% Decline Since 2021 ZoomInfo Technologies offers cloud-based data and workflow tools for sales, marketing, and recruiting teams across diverse industries.",AAPL,Calydon Capital Dumps $9 Million of ZoomInfo Amid Stock's 92% Decline Since 2021,https://finnhub.io/api/news?id=d9dbaa1391f237cf7e710719d36d616c334cd9f6c70cd079a4e13dbba50d5a27
139481822,"{'category': 'company', 'datetime': 1773948420, 'headline': 'These Tech Stocks Are Still a Buy for Many People Even as Iran War Pullback Intensifies', 'id': 139481822, 'image': 'https://s.yimg.com/rz/stage/p/yahoo_finance_en-US_h_p_finance_2.png', 'related': 'AAPL', 'source': 'Yahoo', 'summary': 'Retail investors are cherry picking which companies to buy, as they spend less money overall, according to a new J.P. Morgan report.', 'url': 'https://finnhub.io/api/news?id=7acf74d3076f3c951298f09aaa6f49973711984737593b7624257e46573f4ea6'}",1773948420,news,finnhub_news,Yahoo,"These Tech Stocks Are Still a Buy for Many People Even as Iran War Pullback Intensifies Retail investors are cherry picking which companies to buy, as they spend less money overall, according to a new J.P. Morgan report.",AAPL,These Tech Stocks Are Still a Buy for Many People Even as Iran War Pullback Intensifies,https://finnhub.io/api/news?id=7acf74d3076f3c951298f09aaa6f49973711984737593b7624257e46573f4ea6
139481158,"{'category': 'company', 'datetime': 1773948376, 'headline': 'Apple China Sales Jump 23% Despite Market Slump', 'id': 139481158, 'image': 'https://s.yimg.com/rz/stage/p/yahoo_finance_en-US_h_p_finance_2.png', 'related': 'AAPL', 'source': 'Yahoo', 'summary': 'Growth driven by discounts and pricing advantage amid rising chip costs', 'url': 'https://finnhub.io/api/news?id=1800257ddfc41a24885c7a3a398db3a2f2b8e5d15214cbfc00456ab4ec2e9225'}",1773948376,news,finnhub_news,Yahoo,Apple China Sales Jump 23% Despite Market Slump Growth driven by discounts and pricing advantage amid rising chip costs,AAPL,Apple China Sales Jump 23% Despite Market Slump,https://finnhub.io/api/news?id=1800257ddfc41a24885c7a3a398db3a2f2b8e5d15214cbfc00456ab4ec2e9225
139481159,"{'category': 'company', 'datetime': 1773945390, 'headline': 'Norway Fund Flags 49% Equity Risk as Oil, Tech Threats Build', 'id': 139481159, 'image': 'https://s.yimg.com/rz/stage/p/yahoo_finance_en-US_h_p_finance_2.png', 'related': 'AAPL', 'source': 'Yahoo', 'summary': 'Tangen outlines inflation and fragmentation scenarios while warning tech correction could erase over half of equity value.', 'url': 'https://finnhub.io/api/news?id=8bf8712639cbbb504ab262b6bd1bf0f7cd875c0b6e6b4be47eb2418967629bcc'}",1773945390,news,finnhub_news,Yahoo,"Norway Fund Flags 49% Equity Risk as Oil, Tech Threats Build Tangen outlines inflation and fragmentation scenarios while warning tech correction could erase over half of equity value.",AAPL,"Norway Fund Flags 49% Equity Risk as Oil, Tech Threats Build",https://finnhub.io/api/news?id=8bf8712639cbbb504ab262b6bd1bf0f7cd875c0b6e6b4be47eb2418967629bcc
139481160,"{'category': 'company', 'datetime': 1773945065, 'headline': ""Elon Musk Has One Word for This Apple Problem: 'Ridiculous'"", 'id': 139481160, 'image': 'https://s.yimg.com/rz/stage/p/yahoo_finance_en-US_h_p_finance_2.png', 'related': 'AAPL', 'source': 'Yahoo', 'summary': ""Billionaire Elon Musk has long clashed with tech giant Apple Inc, most recently over its iOS app store practices. Now, Musk may be intensifying that battle with more public criticism of the company. Musk Calls Out iOS App Store Apple will celebrate its 50th anniversary next month, but its app store is relatively new, having launched in 2008 alongside the iPhone 3G. Today, it’s home to millions of apps created by Apple and third-party companies. Over the years, however, Apple's App Store has been"", 'url': 'https://finnhub.io/api/news?id=b63d7fd08f2e8cbb7b817e771e0a59ee52668f7858f0441fd9efc2804290bee4'}",1773945065,news,finnhub_news,Yahoo,"Elon Musk Has One Word for This Apple Problem: 'Ridiculous' Billionaire Elon Musk has long clashed with tech giant Apple Inc, most recently over its iOS app store practices. Now, Musk may be intensifying that battle with more public criticism of the company. Musk Calls Out iOS App Store Apple will celebrate its 50th anniversary next month, but its app store is relatively new, having launched in 2008 alongside the iPhone 3G. Today, it’s home to millions of apps created by Apple and third-party companies. Over the years, however, Apple's App Store has been",AAPL,Elon Musk Has One Word for This Apple Problem: 'Ridiculous',https://finnhub.io/api/news?id=b63d7fd08f2e8cbb7b817e771e0a59ee52668f7858f0441fd9efc2804290bee4
139481161,"{'category': 'company', 'datetime': 1773942660, 'headline': 'Apple’s China iPhone Sales Are Up. Thank Memory Cost Increases.', 'id': 139481161, 'image': 'https://s.yimg.com/rz/stage/p/yahoo_finance_en-US_h_p_finance_2.png', 'related': 'AAPL', 'source': 'Yahoo', 'summary': 'Apple  iPhone sales outperformed competitors in China, new data show, signaling the company’s ability to persevere against a volatile industry backdrop.  For the first nine weeks of 2026, overall China smartphone sales declined 4% from the prior year, according to a report published by Counterpoint Research on Thursday.  This has caused a shortage in supply, but it’s been a tailwind for suppliers such as  Micron Technology  which reported second-quarter revenue growth of 196% on Wednesday night.', 'url': 'https://finnhub.io/api/news?id=dfce52831671a77bf12331c742d897870486cbf4d344b8928ee488e8c563c868'}",1773942660,news,finnhub_news,Yahoo,"Apple’s China iPhone Sales Are Up. Thank Memory Cost Increases. Apple iPhone sales outperformed competitors in China, new data show, signaling the company’s ability to persevere against a volatile industry backdrop. For the first nine weeks of 2026, overall China smartphone sales declined 4% from the prior year, according to a report published by Counterpoint Research on Thursday. This has caused a shortage in supply, but it’s been a tailwind for suppliers such as Micron Technology which reported second-quarter revenue growth of 196% on Wednesday night.",AAPL,Apple’s China iPhone Sales Are Up. Thank Memory Cost Increases.,https://finnhub.io/api/news?id=dfce52831671a77bf12331c742d897870486cbf4d344b8928ee488e8c563c868
139481551,"{'category': 'company', 'datetime': 1773938000, 'headline': 'Five Below: Why I Changed My Mind And See 65% Total Return By 2029 (Upgrade)', 'id': 139481551, 'image': 'https://static.seekingalpha.com/cdn/s3/uploads/getty_images/1227573764/image_1227573764.jpg?io=getty-c-w1536', 'related': 'AAPL', 'source': 'SeekingAlpha', 'summary': 'Five Below, Inc. Q4 earnings beat: 24.3% revenue growth, 15.4% comps and upbeat FY2025â\x80\x932026 guidance. Click for this updated look at FIVD stock prospects.', 'url': 'https://finnhub.io/api/news?id=20ed647bb6be090d4446b05f1b2a9825e9301b2e1105484b910c9e0a52c0d5a1'}",1773938000,news,finnhub_news,SeekingAlpha,"Five Below: Why I Changed My Mind And See 65% Total Return By 2029 (Upgrade) Five Below, Inc. Q4 earnings beat: 24.3% revenue growth, 15.4% comps and upbeat FY2025â2026 guidance. Click for this updated look at FIVD stock prospects.",AAPL,Five Below: Why I Changed My Mind And See 65% Total Return By 2029 (Upgrade),https://finnhub.io/api/news?id=20ed647bb6be090d4446b05f1b2a9825e9301b2e1105484b910c9e0a52c0d5a1
139480416,"{'category': 'company', 'datetime': 1773936830, 'headline': 'Apple fends off bid for new Apple Watch import ban at US trade tribunal', 'id': 139480416, 'image': 'https://s.yimg.com/rz/stage/p/yahoo_finance_en-US_h_p_finance_2.png', 'related': 'AAPL', 'source': 'Yahoo', 'summary': ""A U.S. trade tribunal preliminarily ruled that Apple's current Apple Watches do not infringe patents owned by Masimo, rejecting the \u200cmedical-monitoring company's bid for a renewed import ban on the tech giant's smartwatches.  Apple altered \u200cits watches to circumvent an import ban that the U.S. International Trade Commission issued in 2023.  An ITC judge \u200bagreed with Apple in a ruling made public on Thursday that the redesigned watches do not violate Masimo's patent rights in blood-oxygen reading technology."", 'url': 'https://finnhub.io/api/news?id=cd07f00dc3fa566d6bd441a18f78df6fa29626e6ed4510abeddc21a44410a656'}",1773936830,news,finnhub_news,Yahoo,"Apple fends off bid for new Apple Watch import ban at US trade tribunal A U.S. trade tribunal preliminarily ruled that Apple's current Apple Watches do not infringe patents owned by Masimo, rejecting the ‌medical-monitoring company's bid for a renewed import ban on the tech giant's smartwatches. Apple altered ‌its watches to circumvent an import ban that the U.S. International Trade Commission issued in 2023. An ITC judge ​agreed with Apple in a ruling made public on Thursday that the redesigned watches do not violate Masimo's patent rights in blood-oxygen reading technology.",AAPL,Apple fends off bid for new Apple Watch import ban at US trade tribunal,https://finnhub.io/api/news?id=cd07f00dc3fa566d6bd441a18f78df6fa29626e6ed4510abeddc21a44410a656
139479158,"{'category': 'company', 'datetime': 1773936000, 'headline': ""Market Madness: Why JPMorgan, McDonald's are slam dunk stock picks"", 'id': 139479158, 'image': 'https://s.yimg.com/rz/stage/p/yahoo_finance_en-US_h_p_finance_2.png', 'related': 'AAPL', 'source': 'Yahoo', 'summary': 'Tipping off Yahoo Finance\'s ""Market Madness"" bracket tournament, Winthrop Capital CIO Adam Coons joins Julie Hyman to make the case for the first round of corporate match-ups, which includes JPMorgan Chase (JPM) vs. TJX (TJX) and McDonald\'s (MCD) vs. Disney (DIS).', 'url': 'https://finnhub.io/api/news?id=a568041b67489f8605705050829cafa000c64d6771c65c666c86ffd1636f3af6'}",1773936000,news,finnhub_news,Yahoo,"Market Madness: Why JPMorgan, McDonald's are slam dunk stock picks Tipping off Yahoo Finance's ""Market Madness"" bracket tournament, Winthrop Capital CIO Adam Coons joins Julie Hyman to make the case for the first round of corporate match-ups, which includes JPMorgan Chase (JPM) vs. TJX (TJX) and McDonald's (MCD) vs. Disney (DIS).",AAPL,"Market Madness: Why JPMorgan, McDonald's are slam dunk stock picks",https://finnhub.io/api/news?id=a568041b67489f8605705050829cafa000c64d6771c65c666c86ffd1636f3af6
139480418,"{'category': 'company', 'datetime': 1773935408, 'headline': 'Energy Stocks Are Rallying and Not Much Else', 'id': 139480418, 'image': 'https://s.yimg.com/rz/stage/p/yahoo_finance_en-US_h_p_finance_2.png', 'related': 'AAPL', 'source': 'Yahoo', 'summary': 'WTI crude was also up 0.9% to $92.20.  Checking in on factor exchange-traded funds, which offer exposure to stocks with a particular characteristic, there were no winners.  Big Tech was also down, with Apple the top performer in the Roundhill Magnificent Seven ETF with a 0.2% gain.', 'url': 'https://finnhub.io/api/news?id=e1631ac3f428f4e45d932b69e8b03b2a4f953791db757c53b5c8bdd8bd0db1b9'}",1773935408,news,finnhub_news,Yahoo,"Energy Stocks Are Rallying and Not Much Else WTI crude was also up 0.9% to $92.20. Checking in on factor exchange-traded funds, which offer exposure to stocks with a particular characteristic, there were no winners. Big Tech was also down, with Apple the top performer in the Roundhill Magnificent Seven ETF with a 0.2% gain.",AAPL,Energy Stocks Are Rallying and Not Much Else,https://finnhub.io/api/news?id=e1631ac3f428f4e45d932b69e8b03b2a4f953791db757c53b5c8bdd8bd0db1b9
139479100,"{'category': 'company', 'datetime': 1773934747, 'headline': 'Long-only funds are buying non-US stocks, BofA says', 'id': 139479100, 'image': 'https://s.yimg.com/rz/stage/p/yahoo_finance_en-US_h_p_finance_2.png', 'related': 'AAPL', 'source': 'Yahoo', 'summary': 'Investing.com -- Long-only investors shifted decisively toward non-U.S. equities in February, according to a new note from Bank of America.', 'url': 'https://finnhub.io/api/news?id=b7db2baca70374b615dffdc3a857c963e2d159dd8549f05be23dc194f4d4122e'}",1773934747,news,finnhub_news,Yahoo,"Long-only funds are buying non-US stocks, BofA says Investing.com -- Long-only investors shifted decisively toward non-U.S. equities in February, according to a new note from Bank of America.",AAPL,"Long-only funds are buying non-US stocks, BofA says",https://finnhub.io/api/news?id=b7db2baca70374b615dffdc3a857c963e2d159dd8549f05be23dc194f4d4122e
139480419,"{'category': 'company', 'datetime': 1773934740, 'headline': 'These Tech Stocks Remain Hot, While Iran War Pullback Intensifies', 'id': 139480419, 'image': 'https://s.yimg.com/rz/stage/p/yahoo_finance_en-US_h_p_finance_2.png', 'related': 'AAPL', 'source': 'Yahoo', 'summary': 'Retail investors are cherry picking which companies to buy, as they spend less money overall, according to a new J.P. Morgan report.', 'url': 'https://finnhub.io/api/news?id=7186f669c13e7b9394ec57ab0929fd4211845e6010b55fa0cd4a966d05871d65'}",1773934740,news,finnhub_news,Yahoo,"These Tech Stocks Remain Hot, While Iran War Pullback Intensifies Retail investors are cherry picking which companies to buy, as they spend less money overall, according to a new J.P. Morgan report.",AAPL,"These Tech Stocks Remain Hot, While Iran War Pullback Intensifies",https://finnhub.io/api/news?id=7186f669c13e7b9394ec57ab0929fd4211845e6010b55fa0cd4a966d05871d65
139479118,"{'category': 'company', 'datetime': 1773934740, 'headline': 'Apple salaries: From retail to engineering to CEO', 'id': 139479118, 'image': 'https://s.yimg.com/rz/stage/p/yahoo_finance_en-US_h_p_finance_2.png', 'related': 'AAPL', 'source': 'Yahoo', 'summary': 'Apple has hired thousands of people each year over the last decade or so as its businesses have continued to grow. From research and development to meeting customers at its retail stores, Apple’s employees are in demand. Apple also rewards its employees well, and some are compensated with ...', 'url': 'https://finnhub.io/api/news?id=085f4201cfa07579d370090d383fc415a0f666004adbb4e9c119d9df3a9b4ad7'}",1773934740,news,finnhub_news,Yahoo,"Apple salaries: From retail to engineering to CEO Apple has hired thousands of people each year over the last decade or so as its businesses have continued to grow. From research and development to meeting customers at its retail stores, Apple’s employees are in demand. Apple also rewards its employees well, and some are compensated with ...",AAPL,Apple salaries: From retail to engineering to CEO,https://finnhub.io/api/news?id=085f4201cfa07579d370090d383fc415a0f666004adbb4e9c119d9df3a9b4ad7
139480420,"{'category': 'company', 'datetime': 1773932700, 'headline': 'Nvidia Is Giving Apple Vibes. Why That Spells Big Things for the Stock.', 'id': 139480420, 'image': 'https://s.yimg.com/rz/stage/p/yahoo_finance_en-US_h_p_finance_2.png', 'related': 'AAPL', 'source': 'Yahoo', 'summary': 'It took years for Wall Street to fully appreciate Apple’s ecosystem. A similar reckoning could renew the rally in Nvidia stock.', 'url': 'https://finnhub.io/api/news?id=fbb3d517783648fb1db7006d6233f201ea1cc842d115a5f72dd07458a4cfc505'}",1773932700,news,finnhub_news,Yahoo,Nvidia Is Giving Apple Vibes. Why That Spells Big Things for the Stock. It took years for Wall Street to fully appreciate Apple’s ecosystem. A similar reckoning could renew the rally in Nvidia stock.,AAPL,Nvidia Is Giving Apple Vibes. Why That Spells Big Things for the Stock.,https://finnhub.io/api/news?id=fbb3d517783648fb1db7006d6233f201ea1cc842d115a5f72dd07458a4cfc505
139479119,"{'category': 'company', 'datetime': 1773929340, 'headline': 'The Zacks Analyst Blog Highlights Apple, Alphabet and Garmin', 'id': 139479119, 'image': 'https://s.yimg.com/rz/stage/p/yahoo_finance_en-US_h_p_finance_2.png', 'related': 'AAPL', 'source': 'Yahoo', 'summary': 'Apple bets on AirPods Max 2 to revive wearables growth amid sales decline and rising competition from Alphabet and Garmin.', 'url': 'https://finnhub.io/api/news?id=bee606482e22e27cd3448067050d9affca07e4353856b2a6fe3a6a5b0d9ff2f4'}",1773929340,news,finnhub_news,Yahoo,"The Zacks Analyst Blog Highlights Apple, Alphabet and Garmin Apple bets on AirPods Max 2 to revive wearables growth amid sales decline and rising competition from Alphabet and Garmin.",AAPL,"The Zacks Analyst Blog Highlights Apple, Alphabet and Garmin",https://finnhub.io/api/news?id=bee606482e22e27cd3448067050d9affca07e4353856b2a6fe3a6a5b0d9ff2f4
139477206,"{'category': 'company', 'datetime': 1773928260, 'headline': ""SEC Regulator Approves Nasdaq's Move Into Tokenized Stocks"", 'id': 139477206, 'image': 'https://s.yimg.com/rz/stage/p/yahoo_finance_en-US_h_p_finance_2.png', 'related': 'AAPL', 'source': 'Yahoo', 'summary': 'The U.S. Securities and Exchange Commission (SEC), Wall Street’s regulator, has approved the Nasdaq (NASDAQ: ...', 'url': 'https://finnhub.io/api/news?id=7d2b5c4ea24de2a85c61d8d3e6e0372cbe533b3502443d1372988a9c3aa51910'}",1773928260,news,finnhub_news,Yahoo,"SEC Regulator Approves Nasdaq's Move Into Tokenized Stocks The U.S. Securities and Exchange Commission (SEC), Wall Street’s regulator, has approved the Nasdaq (NASDAQ: ...",AAPL,SEC Regulator Approves Nasdaq's Move Into Tokenized Stocks,https://finnhub.io/api/news?id=7d2b5c4ea24de2a85c61d8d3e6e0372cbe533b3502443d1372988a9c3aa51910
139480421,"{'category': 'company', 'datetime': 1773927000, 'headline': 'AI’s memory chip shortage is quietly taxing the entire economy', 'id': 139480421, 'image': 'https://s.yimg.com/rz/stage/p/yahoo_finance_en-US_h_p_finance_2.png', 'related': 'AAPL', 'source': 'Yahoo', 'summary': ""AI's insatiable appetite for memory chips is crowding out all other buyers — and the consequences will ripple through every industry and household."", 'url': 'https://finnhub.io/api/news?id=c823bc78e0c6721eb0ae897d11913d7d477e8e58d5854bac835bdc1c74369586'}",1773927000,news,finnhub_news,Yahoo,AI’s memory chip shortage is quietly taxing the entire economy AI's insatiable appetite for memory chips is crowding out all other buyers — and the consequences will ripple through every industry and household.,AAPL,AI’s memory chip shortage is quietly taxing the entire economy,https://finnhub.io/api/news?id=c823bc78e0c6721eb0ae897d11913d7d477e8e58d5854bac835bdc1c74369586
139476865,"{'category': 'company', 'datetime': 1773926693, 'headline': 'Apple Cuts China App Store Fees to 25% as Regulatory Pressure Builds', 'id': 139476865, 'image': 'https://s.yimg.com/rz/stage/p/yahoo_finance_en-US_h_p_finance_2.png', 'related': 'AAPL', 'source': 'Yahoo', 'summary': 'Commission reduced from 30% to 25% effective March 15 following discussions with Chinese regulators, as scrutiny over App Store policies continues.', 'url': 'https://finnhub.io/api/news?id=a9b3f28b403a075549e2c2b6ae708ddb3235ee168818d4fbf6b2143272b5b874'}",1773926693,news,finnhub_news,Yahoo,"Apple Cuts China App Store Fees to 25% as Regulatory Pressure Builds Commission reduced from 30% to 25% effective March 15 following discussions with Chinese regulators, as scrutiny over App Store policies continues.",AAPL,Apple Cuts China App Store Fees to 25% as Regulatory Pressure Builds,https://finnhub.io/api/news?id=a9b3f28b403a075549e2c2b6ae708ddb3235ee168818d4fbf6b2143272b5b874
139476866,"{'category': 'company', 'datetime': 1773926170, 'headline': 'Steve Jobs Worried His Porsche 911 Would Signal Too Much Wealth. He Scrambled To Hide It Before Meeting Ross Perot For A $20M Deal', 'id': 139476866, 'image': 'https://s.yimg.com/rz/stage/p/yahoo_finance_en-US_h_p_finance_2.png', 'related': 'AAPL', 'source': 'Yahoo', 'summary': 'Apple (NASDAQ:AAPL) co-founder Steve Jobs had a reputation for obsessing over every detail–from the products he built to the cars he drove. His connection to the Porsche 911 became one of his most well-known personal quirks. For years, he replaced his black Porsche every six months, partly so he could avoid putting a license plate on it. But in 1987, that same car suddenly became a liability. A Last-Minute Decision To Avoid The Wrong Impression At the time, Jobs was running NeXT, the company he', 'url': 'https://finnhub.io/api/news?id=ca61a4772fa60034b924653ecdaf0526b4e91e30f8d56a660c1bf8ded3d47da5'}",1773926170,news,finnhub_news,Yahoo,"Steve Jobs Worried His Porsche 911 Would Signal Too Much Wealth. He Scrambled To Hide It Before Meeting Ross Perot For A $20M Deal Apple (NASDAQ:AAPL) co-founder Steve Jobs had a reputation for obsessing over every detail–from the products he built to the cars he drove. His connection to the Porsche 911 became one of his most well-known personal quirks. For years, he replaced his black Porsche every six months, partly so he could avoid putting a license plate on it. But in 1987, that same car suddenly became a liability. A Last-Minute Decision To Avoid The Wrong Impression At the time, Jobs was running NeXT, the company he",AAPL,Steve Jobs Worried His Porsche 911 Would Signal Too Much Wealth. He Scrambled To Hide It Before Meeting Ross Perot For A $20M Deal,https://finnhub.io/api/news?id=ca61a4772fa60034b924653ecdaf0526b4e91e30f8d56a660c1bf8ded3d47da5
139476858,"{'category': 'company', 'datetime': 1773924327, 'headline': 'Nvidia Tops Chip Market with $150 Billion Revenue Amid AI Boom', 'id': 139476858, 'image': 'https://s.yimg.com/rz/stage/p/yahoo_finance_en-US_h_p_finance_2.png', 'related': 'AAPL', 'source': 'Yahoo', 'summary': 'Semiconductor Revenue Explodes 20%+ Across All Segments in 2025', 'url': 'https://finnhub.io/api/news?id=ef63e6eebed1766720866802ab9c4af2a6112f95002e684c5ae6d22f3f15b1b9'}",1773924327,news,finnhub_news,Yahoo,Nvidia Tops Chip Market with $150 Billion Revenue Amid AI Boom Semiconductor Revenue Explodes 20%+ Across All Segments in 2025,AAPL,Nvidia Tops Chip Market with $150 Billion Revenue Amid AI Boom,https://finnhub.io/api/news?id=ef63e6eebed1766720866802ab9c4af2a6112f95002e684c5ae6d22f3f15b1b9
139470255,"{'category': 'company', 'datetime': 1773918053, 'headline': 'The S&P 500 Is Down But These 3 Tech ETFs Are Proving the Bull Case Isn’t Dead', 'id': 139470255, 'image': 'https://s.yimg.com/rz/stage/p/yahoo_finance_en-US_h_p_finance_2.png', 'related': 'AAPL', 'source': 'Yahoo', 'summary': 'The S&P 500 is down nearly 3% year-to-date, yet three widely held tech ETFs are quietly telling a different story. While broad market sentiment has soured on equities in early 2026, the funds most concentrated in AI-era technology names have outperformed the broader index over the past year by a wide margin. What the Numbers ... The S&P 500 Is Down But These 3 Tech ETFs Are Proving the Bull Case Isn’t Dead', 'url': 'https://finnhub.io/api/news?id=b1d30424abbd1a34d41f41cdd22b5c374410178e93771f27716468deb48de42d'}",1773918053,news,finnhub_news,Yahoo,"The S&P 500 Is Down But These 3 Tech ETFs Are Proving the Bull Case Isn’t Dead The S&P 500 is down nearly 3% year-to-date, yet three widely held tech ETFs are quietly telling a different story. While broad market sentiment has soured on equities in early 2026, the funds most concentrated in AI-era technology names have outperformed the broader index over the past year by a wide margin. What the Numbers ... The S&P 500 Is Down But These 3 Tech ETFs Are Proving the Bull Case Isn’t Dead",AAPL,The S&P 500 Is Down But These 3 Tech ETFs Are Proving the Bull Case Isn’t Dead,https://finnhub.io/api/news?id=b1d30424abbd1a34d41f41cdd22b5c374410178e93771f27716468deb48de42d
139470275,"{'category': 'company', 'datetime': 1773917183, 'headline': 'Apple Stock Is Already A Portfolio Staple — And This ETF Is Turning It Into A Casino Chip', 'id': 139470275, 'image': 'https://s.yimg.com/rz/stage/p/yahoo_finance_en-US_h_p_finance_2.png', 'related': 'AAPL', 'source': 'Yahoo', 'summary': ""Apple Inc.'s dominance in global markets has given rise to a rather peculiar investment enigma: millions of investors are already heavily invested in the iPhone maker, yet a round of ETFs is attempting to sell them even more Apple stock, albeit in the form of income-generating vehicles. Consider broad market funds such as the SPDR S&P 500 ETF Trust or technology-centric investments such as the Vanguard Information Technology ETF. Apple is not merely a prominent holding in these funds; in many in"", 'url': 'https://finnhub.io/api/news?id=23c9f67573d51877f7b1f81d86f56f7e5dae546f610297c57f8a6eade0551ea5'}",1773917183,news,finnhub_news,Yahoo,"Apple Stock Is Already A Portfolio Staple — And This ETF Is Turning It Into A Casino Chip Apple Inc.'s dominance in global markets has given rise to a rather peculiar investment enigma: millions of investors are already heavily invested in the iPhone maker, yet a round of ETFs is attempting to sell them even more Apple stock, albeit in the form of income-generating vehicles. Consider broad market funds such as the SPDR S&P 500 ETF Trust or technology-centric investments such as the Vanguard Information Technology ETF. Apple is not merely a prominent holding in these funds; in many in",AAPL,Apple Stock Is Already A Portfolio Staple — And This ETF Is Turning It Into A Casino Chip,https://finnhub.io/api/news?id=23c9f67573d51877f7b1f81d86f56f7e5dae546f610297c57f8a6eade0551ea5
139470261,"{'category': 'company', 'datetime': 1773916500, 'headline': 'Buy This Berkshire Hathaway Stock Now and Thank Yourself in a Decade', 'id': 139470261, 'image': 'https://s.yimg.com/rz/stage/p/yahoo_finance_en-US_h_p_finance_2.png', 'related': 'AAPL', 'source': 'Yahoo', 'summary': 'Down 19% year to date, the sell-off in American Express is a buying opportunity.', 'url': 'https://finnhub.io/api/news?id=d2a33ede939dd18bbb58e230cb03119df7dc69719c4c4cfa5eaa3ac3753dd086'}",1773916500,news,finnhub_news,Yahoo,"Buy This Berkshire Hathaway Stock Now and Thank Yourself in a Decade Down 19% year to date, the sell-off in American Express is a buying opportunity.",AAPL,Buy This Berkshire Hathaway Stock Now and Thank Yourself in a Decade,https://finnhub.io/api/news?id=d2a33ede939dd18bbb58e230cb03119df7dc69719c4c4cfa5eaa3ac3753dd086
139478375,"{'category': 'company', 'datetime': 1773915593, 'headline': 'Apple Made $900M From AI Last Year While Rivals Burned Through Cash', 'id': 139478375, 'image': 'https://cdn.benzinga.com/files/images/story/2026/03/19/Tim-Cook--Chief-Executive-Officer-Of-App_0.jpeg?width=2048&height=1536', 'related': 'AAPL', 'source': 'Benzinga', 'summary': 'Apple charges AI developers rent through App Store fees, projected to reach $1B in 2025.', 'url': 'https://finnhub.io/api/news?id=1fbcff3ecb0dd36778314ca95ee32f1a7acf03a04d7d4ddfbc8a1747ac164bdf'}",1773915593,news,finnhub_news,Benzinga,"Apple Made $900M From AI Last Year While Rivals Burned Through Cash Apple charges AI developers rent through App Store fees, projected to reach $1B in 2025.",AAPL,Apple Made $900M From AI Last Year While Rivals Burned Through Cash,https://finnhub.io/api/news?id=1fbcff3ecb0dd36778314ca95ee32f1a7acf03a04d7d4ddfbc8a1747ac164bdf
139474435,"{'category': 'company', 'datetime': 1773910800, 'headline': 'Boss, More Work Please', 'id': 139474435, 'image': '', 'related': 'AAPL', 'source': 'SeekingAlpha', 'summary': '', 'url': 'https://finnhub.io/api/news?id=cdd93846022db7b95e1fc273103c983bfba4c83a49e558691840e0a12afd3fb7'}",1773910800,news,finnhub_news,SeekingAlpha,"Boss, More Work Please",AAPL,"Boss, More Work Please",https://finnhub.io/api/news?id=cdd93846022db7b95e1fc273103c983bfba4c83a49e558691840e0a12afd3fb7
139472692,"{'category': 'company', 'datetime': 1773909000, 'headline': ""Berkshire's Abel Shows Actions Speak Louder Than Words, But The Nuances Matter"", 'id': 139472692, 'image': 'https://static.seekingalpha.com/cdn/s3/uploads/getty_images/1543351088/image_1543351088.jpg?io=getty-c-w1536', 'related': 'AAPL', 'source': 'SeekingAlpha', 'summary': ""Greg Abel's first Berkshire Hathaway Shareholder Letter was notably detailed, signaling strong operational command. Click for my latest analysis of BRK.A stock."", 'url': 'https://finnhub.io/api/news?id=f71a3e1d302c23e26af2f185d8a2d175e6fc8437e25eecd96ae0cd31f28417a3'}",1773909000,news,finnhub_news,SeekingAlpha,"Berkshire's Abel Shows Actions Speak Louder Than Words, But The Nuances Matter Greg Abel's first Berkshire Hathaway Shareholder Letter was notably detailed, signaling strong operational command. Click for my latest analysis of BRK.A stock.",AAPL,"Berkshire's Abel Shows Actions Speak Louder Than Words, But The Nuances Matter",https://finnhub.io/api/news?id=f71a3e1d302c23e26af2f185d8a2d175e6fc8437e25eecd96ae0cd31f28417a3
139463507,"{'category': 'company', 'datetime': 1773906600, 'headline': ""US tech is cracking China open again, and Trump's chaos is helping"", 'id': 139463507, 'image': 'https://s.yimg.com/rz/stage/p/yahoo_finance_en-US_h_p_finance_2.png', 'related': 'AAPL', 'source': 'Yahoo', 'summary': 'Apple Inc (NASDAQ:AAPL, XETRA:APC) and Nvidia Corp (NASDAQ:NVDA, XETRA:NVD) both posted China wins this week. The trade war that was supposed to shut American companies out has, for now, given the strongest ones a competitive edge. Two pieces of news arrived within 48 hours that tell a more...', 'url': 'https://finnhub.io/api/news?id=eb8c93853520b4fb339ee8714146dd39999498cd5b5785bfebc7fc190435129b'}",1773906600,news,finnhub_news,Yahoo,"US tech is cracking China open again, and Trump's chaos is helping Apple Inc (NASDAQ:AAPL, XETRA:APC) and Nvidia Corp (NASDAQ:NVDA, XETRA:NVD) both posted China wins this week. The trade war that was supposed to shut American companies out has, for now, given the strongest ones a competitive edge. Two pieces of news arrived within 48 hours that tell a more...",AAPL,"US tech is cracking China open again, and Trump's chaos is helping",https://finnhub.io/api/news?id=eb8c93853520b4fb339ee8714146dd39999498cd5b5785bfebc7fc190435129b
139469360,"{'category': 'company', 'datetime': 1773905400, 'headline': ""Most Investors Think They Understand Value - They Don't"", 'id': 139469360, 'image': 'https://static.seekingalpha.com/cdn/s3/uploads/getty_images/1998996799/image_1998996799.jpg?io=getty-c-w1536', 'related': 'AAPL', 'source': 'SeekingAlpha', 'summary': 'Value investing is about identifying misalignments between price and medium to long-term fundamentals, not just low multiples. Read what investors need to know.', 'url': 'https://finnhub.io/api/news?id=e5f8cb1a8b311502de0c09980c2dd564295a498cb7c07d2642f66f537ff0c5af'}",1773905400,news,finnhub_news,SeekingAlpha,"Most Investors Think They Understand Value - They Don't Value investing is about identifying misalignments between price and medium to long-term fundamentals, not just low multiples. Read what investors need to know.",AAPL,Most Investors Think They Understand Value - They Don't,https://finnhub.io/api/news?id=e5f8cb1a8b311502de0c09980c2dd564295a498cb7c07d2642f66f537ff0c5af
139479753,"{'category': 'company', 'datetime': 1773903230, 'headline': 'OpenClaw demand in China is driving up the price of used MacBooks', 'id': 139479753, 'image': 'https://image.cnbcfm.com/api/v1/image/108280117-1773907784069-gettyimages-2266522435-CHINA_BAIDU_OPENCLAW.jpeg?v=1773907840&w=1920&h=1080', 'related': 'AAPL', 'source': 'CNBC', 'summary': 'People in China are rushing to buy preowned computers to try OpenClaw with demand for MacBooks particularly high, according to one reseller.', 'url': 'https://finnhub.io/api/news?id=c4a69a78c952f1ecc7d9ba83ac3f4d791840aa493e9e2b4b861b78f89f47ba44'}",1773903230,news,finnhub_news,CNBC,"OpenClaw demand in China is driving up the price of used MacBooks People in China are rushing to buy preowned computers to try OpenClaw with demand for MacBooks particularly high, according to one reseller.",AAPL,OpenClaw demand in China is driving up the price of used MacBooks,https://finnhub.io/api/news?id=c4a69a78c952f1ecc7d9ba83ac3f4d791840aa493e9e2b4b861b78f89f47ba44
139477344,"{'category': 'company', 'datetime': 1773901698, 'headline': 'T-Mobile, Verizon, AT&T Go All-In On Discounts As Churn Surge Hits', 'id': 139477344, 'image': 'https://cdn.benzinga.com/files/images/story/2026/03/19/Verizon-Communications-Inc-.jpeg?width=2048&height=1536', 'related': 'AAPL', 'source': 'Benzinga', 'summary': 'US carriers spark a price war as churn surges in 2026. See how T-Mobile, Verizon, and AT&amp;T are using massive discounts to keep customers.', 'url': 'https://finnhub.io/api/news?id=4df8ecc590659be29160fb38b4d87c7aa18971f55838bb8e571efc766bf0e598'}",1773901698,news,finnhub_news,Benzinga,"T-Mobile, Verizon, AT&T Go All-In On Discounts As Churn Surge Hits US carriers spark a price war as churn surges in 2026. See how T-Mobile, Verizon, and AT&amp;T are using massive discounts to keep customers.",AAPL,"T-Mobile, Verizon, AT&T Go All-In On Discounts As Churn Surge Hits",https://finnhub.io/api/news?id=4df8ecc590659be29160fb38b4d87c7aa18971f55838bb8e571efc766bf0e598
139477399,"{'category': 'company', 'datetime': 1773900451, 'headline': ""How Apple Is Winning China's Brutal Smartphone Price War"", 'id': 139477399, 'image': 'https://cdn.benzinga.com/files/images/story/2026/03/19/Apple-Logo-On-Iphone-With-China-Flag-Bac.jpeg?width=2048&height=1536', 'related': 'AAPL', 'source': 'Benzinga', 'summary': 'China&#39;s smartphone sales are down, but Apple and Huawei are gaining ground. See how rising memory costs are reshaping the 2026 market.', 'url': 'https://finnhub.io/api/news?id=ba6c9f94db2739707ace21de932054d60210037e597776c3f4c60d18e7998bbe'}",1773900451,news,finnhub_news,Benzinga,"How Apple Is Winning China's Brutal Smartphone Price War China&#39;s smartphone sales are down, but Apple and Huawei are gaining ground. See how rising memory costs are reshaping the 2026 market.",AAPL,How Apple Is Winning China's Brutal Smartphone Price War,https://finnhub.io/api/news?id=ba6c9f94db2739707ace21de932054d60210037e597776c3f4c60d18e7998bbe
139456664,"{'category': 'company', 'datetime': 1773890400, 'headline': '2026 Market Drop. 5 Stocks to Buy Right Now.', 'id': 139456664, 'image': 'https://s.yimg.com/rz/stage/p/yahoo_finance_en-US_h_p_finance_2.png', 'related': 'AAPL', 'source': 'Yahoo', 'summary': 'These stocks are all trading at a discount today.', 'url': 'https://finnhub.io/api/news?id=f796ef206a375ace69eb2c4c897a92cf79f5551528957d34da7004a0f4b447d6'}",1773890400,news,finnhub_news,Yahoo,2026 Market Drop. 5 Stocks to Buy Right Now. These stocks are all trading at a discount today.,AAPL,2026 Market Drop. 5 Stocks to Buy Right Now.,https://finnhub.io/api/news?id=f796ef206a375ace69eb2c4c897a92cf79f5551528957d34da7004a0f4b447d6
139456672,"{'category': 'company', 'datetime': 1773886713, 'headline': ""Apple's China smartphone sales jump 23% to start 2026, bucking industry trend"", 'id': 139456672, 'image': 'https://s.yimg.com/rz/stage/p/yahoo_finance_en-US_h_p_finance_2.png', 'related': 'AAPL', 'source': 'Yahoo', 'summary': ""Apple posted a 23% surge in China smartphone sales in the first nine weeks of \u200c2026, bucking a broader market decline as some Android phone makers raised \u200cprices in response to higher costs for memory chips.  China's overall smartphone market fell 4% year-on-year in the \u200bJanuary-to-early-March period, with government subsidies introduced at the start of the year doing little to revive sluggish consumer demand, data on Thursday from research firm Counterpoint showed.  Apple's gains were driven by e-commerce discounts and its eligibility for state subsidies on the base iPhone \u200c17 model."", 'url': 'https://finnhub.io/api/news?id=52e38a313cfbceeff69192868bf5b2f4c8bcd63ae63812feed2dfa03657c975c'}",1773886713,news,finnhub_news,Yahoo,"Apple's China smartphone sales jump 23% to start 2026, bucking industry trend Apple posted a 23% surge in China smartphone sales in the first nine weeks of ‌2026, bucking a broader market decline as some Android phone makers raised ‌prices in response to higher costs for memory chips. China's overall smartphone market fell 4% year-on-year in the ​January-to-early-March period, with government subsidies introduced at the start of the year doing little to revive sluggish consumer demand, data on Thursday from research firm Counterpoint showed. Apple's gains were driven by e-commerce discounts and its eligibility for state subsidies on the base iPhone ‌17 model.",AAPL,"Apple's China smartphone sales jump 23% to start 2026, bucking industry trend",https://finnhub.io/api/news?id=52e38a313cfbceeff69192868bf5b2f4c8bcd63ae63812feed2dfa03657c975c
139477100,"{'category': 'company', 'datetime': 1773882832, 'headline': ""Elon Musk Says Tesla's AI5 Self-Driving Chip Will 'Punch Above Its Weight,' Sees Data Center Use"", 'id': 139477100, 'image': 'https://cdn.benzinga.com/files/images/story/2026/03/19/Paris--France---June-16--2023-Elon-Musk-.jpeg?width=2048&height=1536', 'related': 'AAPL', 'source': 'Benzinga', 'summary': 'Tesla CEO Elon Musk predicts the AI5 self-driving chip will match rivals despite its half reticle architecture.', 'url': 'https://finnhub.io/api/news?id=3d6233efbb33ee16c96f7b52bfcb9b1680d067b15f498614d334bb116be73559'}",1773882832,news,finnhub_news,Benzinga,"Elon Musk Says Tesla's AI5 Self-Driving Chip Will 'Punch Above Its Weight,' Sees Data Center Use Tesla CEO Elon Musk predicts the AI5 self-driving chip will match rivals despite its half reticle architecture.",AAPL,"Elon Musk Says Tesla's AI5 Self-Driving Chip Will 'Punch Above Its Weight,' Sees Data Center Use",https://finnhub.io/api/news?id=3d6233efbb33ee16c96f7b52bfcb9b1680d067b15f498614d334bb116be73559
139456122,"{'category': 'company', 'datetime': 1773882000, 'headline': 'Apple Is Way Behind in AI—and Still Making a Fortune From It', 'id': 139456122, 'image': 'https://s.yimg.com/rz/stage/p/yahoo_finance_en-US_h_p_finance_2.png', 'related': 'AAPL', 'source': 'Yahoo', 'summary': 'The iPhone maker’s AI revenue is set to top $1 billion this year, reassuring investors who are wary of the sky-high spending of its rivals.', 'url': 'https://finnhub.io/api/news?id=80d92dae6bbcdf902ac2bfa90701d7de08f815012ef56e5371d61f44ee3641ab'}",1773882000,news,finnhub_news,Yahoo,"Apple Is Way Behind in AI—and Still Making a Fortune From It The iPhone maker’s AI revenue is set to top $1 billion this year, reassuring investors who are wary of the sky-high spending of its rivals.",AAPL,Apple Is Way Behind in AI—and Still Making a Fortune From It,https://finnhub.io/api/news?id=80d92dae6bbcdf902ac2bfa90701d7de08f815012ef56e5371d61f44ee3641ab
139456440,"{'category': 'company', 'datetime': 1773875100, 'headline': 'AMG Yacktman Fund Q4 2025 Quarterly Scorecard: Buys, Sells, And Standouts', 'id': 139456440, 'image': 'https://static.seekingalpha.com/cdn/s3/uploads/getty_images/2221324941/image_2221324941.jpg?io=getty-c-w1536', 'related': 'AAPL', 'source': 'SeekingAlpha', 'summary': ""AMG Yacktman Fund reports on Q4 2025 performance, highlighting Samsung's recovery and South Korean market reforms. Read the full analysis for more details."", 'url': 'https://finnhub.io/api/news?id=2d835f731beb63ff70f0c47d608bad3e58db4d4b0b4da04e48eb5be7376a9bbd'}",1773875100,news,finnhub_news,SeekingAlpha,"AMG Yacktman Fund Q4 2025 Quarterly Scorecard: Buys, Sells, And Standouts AMG Yacktman Fund reports on Q4 2025 performance, highlighting Samsung's recovery and South Korean market reforms. Read the full analysis for more details.",AAPL,"AMG Yacktman Fund Q4 2025 Quarterly Scorecard: Buys, Sells, And Standouts",https://finnhub.io/api/news?id=2d835f731beb63ff70f0c47d608bad3e58db4d4b0b4da04e48eb5be7376a9bbd
139455410,"{'category': 'company', 'datetime': 1773866338, 'headline': 'Stocks Sharply Lower on Iran War and Hawkish Powell', 'id': 139455410, 'image': 'https://s.yimg.com/rz/stage/p/yahoo_finance_en-US_h_p_finance_2.png', 'related': 'AAPL', 'source': 'Yahoo', 'summary': 'The S&P 500 Index ($SPX ) (SPY ) on Wednesday closed down -1.36%, the Dow Jones Industrial Average ($DOWI ) (DIA ) closed down -1.63%, and the Nasdaq 100 Index ($IUXX ) (QQQ ) closed down -1.43%. March E-mini S&P futures (ESH26 ) fell -1.42%, and March E-mini Nasdaq futures...', 'url': 'https://finnhub.io/api/news?id=a48f6ff4994a5f503d1fc36b7846603ace2970e74abbc9682bee31a32f04f1c3'}",1773866338,news,finnhub_news,Yahoo,"Stocks Sharply Lower on Iran War and Hawkish Powell The S&P 500 Index ($SPX ) (SPY ) on Wednesday closed down -1.36%, the Dow Jones Industrial Average ($DOWI ) (DIA ) closed down -1.63%, and the Nasdaq 100 Index ($IUXX ) (QQQ ) closed down -1.43%. March E-mini S&P futures (ESH26 ) fell -1.42%, and March E-mini Nasdaq futures...",AAPL,Stocks Sharply Lower on Iran War and Hawkish Powell,https://finnhub.io/api/news?id=a48f6ff4994a5f503d1fc36b7846603ace2970e74abbc9682bee31a32f04f1c3
139454189,"{'category': 'company', 'datetime': 1773863143, 'headline': 'Sector Update: Tech Stocks Retreat Late Afternoon', 'id': 139454189, 'image': 'https://s.yimg.com/rz/stage/p/yahoo_finance_en-US_h_p_finance_2.png', 'related': 'AAPL', 'source': 'Yahoo', 'summary': 'Tech stocks were lower late Wednesday afternoon, with the State Street Technology Select Sector SPDR', 'url': 'https://finnhub.io/api/news?id=d215e8e1d6df3664442b75542d4e629a361e2f3b92f8114ded809390829bc6a2'}",1773863143,news,finnhub_news,Yahoo,"Sector Update: Tech Stocks Retreat Late Afternoon Tech stocks were lower late Wednesday afternoon, with the State Street Technology Select Sector SPDR",AAPL,Sector Update: Tech Stocks Retreat Late Afternoon,https://finnhub.io/api/news?id=d215e8e1d6df3664442b75542d4e629a361e2f3b92f8114ded809390829bc6a2
139454218,"{'category': 'company', 'datetime': 1773857299, 'headline': 'How Investors May Respond To QUALCOMM (QCOM) $20 Billion Buyback And Higher Dividend', 'id': 139454218, 'image': 'https://s.yimg.com/rz/stage/p/yahoo_finance_en-US_h_p_finance_2.png', 'related': 'AAPL', 'source': 'Yahoo', 'summary': 'In March 2026, Qualcomm’s board approved a new US$20.00 billion share repurchase program with no expiration date and raised the quarterly cash dividend from US$0.89 to US$0.92 per share, lifting the annualized payout to US$3.68. Together, the larger buyback and higher dividend highlight Qualcomm’s emphasis on capital returns at a time when it is also investing to broaden its business beyond smartphones into areas like automotive and AI-enabled infrastructure. We’ll now examine how Qualcomm’s...', 'url': 'https://finnhub.io/api/news?id=bac8839ee00b2a7ee5b5d6ab3dbbe7aca7ee40c44a8316d93783b1588287ac9a'}",1773857299,news,finnhub_news,Yahoo,"How Investors May Respond To QUALCOMM (QCOM) $20 Billion Buyback And Higher Dividend In March 2026, Qualcomm’s board approved a new US$20.00 billion share repurchase program with no expiration date and raised the quarterly cash dividend from US$0.89 to US$0.92 per share, lifting the annualized payout to US$3.68. Together, the larger buyback and higher dividend highlight Qualcomm’s emphasis on capital returns at a time when it is also investing to broaden its business beyond smartphones into areas like automotive and AI-enabled infrastructure. We’ll now examine how Qualcomm’s...",AAPL,How Investors May Respond To QUALCOMM (QCOM) $20 Billion Buyback And Higher Dividend,https://finnhub.io/api/news?id=bac8839ee00b2a7ee5b5d6ab3dbbe7aca7ee40c44a8316d93783b1588287ac9a
139454219,"{'category': 'company', 'datetime': 1773857289, 'headline': 'How The Apple (AAPL) Investment Narrative Is Shifting With AI, Costs And Regional Demand', 'id': 139454219, 'image': 'https://s.yimg.com/rz/stage/p/yahoo_finance_en-US_h_p_finance_2.png', 'related': 'AAPL', 'source': 'Yahoo', 'summary': 'Apple’s analyst fair value target has moved from US$291.65 to US$295.44 per share, a modest adjustment that still matters if you are tracking where the stock might be fairly priced. That shift lines up with recent research that credits new products, services and AI efforts on one side, and rising component costs and uneven regional demand on the other. Read on to see how these mixed views are shaping the evolving Apple story and how you can keep up with it. Stay updated as the Fair Value for...', 'url': 'https://finnhub.io/api/news?id=4f9b63ed86bb6b5d18c9736ea6241214b47d4f188e014adcae9cc3d5ffcfc53f'}",1773857289,news,finnhub_news,Yahoo,"How The Apple (AAPL) Investment Narrative Is Shifting With AI, Costs And Regional Demand Apple’s analyst fair value target has moved from US$291.65 to US$295.44 per share, a modest adjustment that still matters if you are tracking where the stock might be fairly priced. That shift lines up with recent research that credits new products, services and AI efforts on one side, and rising component costs and uneven regional demand on the other. Read on to see how these mixed views are shaping the evolving Apple story and how you can keep up with it. Stay updated as the Fair Value for...",AAPL,"How The Apple (AAPL) Investment Narrative Is Shifting With AI, Costs And Regional Demand",https://finnhub.io/api/news?id=4f9b63ed86bb6b5d18c9736ea6241214b47d4f188e014adcae9cc3d5ffcfc53f
139453469,"{'category': 'company', 'datetime': 1773856414, 'headline': 'Sector Update: Tech Stocks Mixed Wednesday Afternoon', 'id': 139453469, 'image': 'https://s.yimg.com/rz/stage/p/yahoo_finance_en-US_h_p_finance_2.png', 'related': 'AAPL', 'source': 'Yahoo', 'summary': 'Tech stocks were mixed Wednesday afternoon, with the State Street Technology Select Sector SPDR ETF', 'url': 'https://finnhub.io/api/news?id=19075825afbebc502e7c1043e33063feffc0733854166d8231a2abb2980c6e82'}",1773856414,news,finnhub_news,Yahoo,"Sector Update: Tech Stocks Mixed Wednesday Afternoon Tech stocks were mixed Wednesday afternoon, with the State Street Technology Select Sector SPDR ETF",AAPL,Sector Update: Tech Stocks Mixed Wednesday Afternoon,https://finnhub.io/api/news?id=19075825afbebc502e7c1043e33063feffc0733854166d8231a2abb2980c6e82
139453499,"{'category': 'company', 'datetime': 1773856020, 'headline': 'Apple just got a brutal iPhone 18 warning', 'id': 139453499, 'image': 'https://s.yimg.com/rz/stage/p/yahoo_finance_en-US_h_p_finance_2.png', 'related': 'AAPL', 'source': 'Yahoo', 'summary': 'Apple just got the kind of iPhone rumor that investors cannot afford to ignore. A fresh leak suggests the iPhone 18 Pro will miss one of the easiest upgrades for Apple to sell: a smaller Dynamic Island. That fact alone is bad news for people who are expecting a more dynamic change in terms of ...', 'url': 'https://finnhub.io/api/news?id=a40695efa0ee29a8658e78754d990e898000de6d98bf9f78d6a9512d73ff3a45'}",1773856020,news,finnhub_news,Yahoo,Apple just got a brutal iPhone 18 warning Apple just got the kind of iPhone rumor that investors cannot afford to ignore. A fresh leak suggests the iPhone 18 Pro will miss one of the easiest upgrades for Apple to sell: a smaller Dynamic Island. That fact alone is bad news for people who are expecting a more dynamic change in terms of ...,AAPL,Apple just got a brutal iPhone 18 warning,https://finnhub.io/api/news?id=a40695efa0ee29a8658e78754d990e898000de6d98bf9f78d6a9512d73ff3a45
139453500,"{'category': 'company', 'datetime': 1773855868, 'headline': 'Apple Loses Home Devices Executive to Oura', 'id': 139453500, 'image': 'https://s.yimg.com/rz/stage/p/yahoo_finance_en-US_h_p_finance_2.png', 'related': 'AAPL', 'source': 'Yahoo', 'summary': 'Departure adds pressure to unit facing delays', 'url': 'https://finnhub.io/api/news?id=abd537e34724f588cb8084690dca23c541d520cb4b342bde729aee8747da4e25'}",1773855868,news,finnhub_news,Yahoo,Apple Loses Home Devices Executive to Oura Departure adds pressure to unit facing delays,AAPL,Apple Loses Home Devices Executive to Oura,https://finnhub.io/api/news?id=abd537e34724f588cb8084690dca23c541d520cb4b342bde729aee8747da4e25
139453474,"{'category': 'company', 'datetime': 1773855600, 'headline': 'The Trade Desk Is Suddenly Bleeding Customers. Is It a Red Flag for the Adtech Stock?', 'id': 139453474, 'image': 'https://s.yimg.com/rz/stage/p/yahoo_finance_en-US_h_p_finance_2.png', 'related': 'AAPL', 'source': 'Yahoo', 'summary': ""Ten percent of The Trade Desk's business now appears to be in jeopardy."", 'url': 'https://finnhub.io/api/news?id=55bf776e0dadd97fb7ed859c332feed942d800c7ee096081b41e5b4fd78c488b'}",1773855600,news,finnhub_news,Yahoo,The Trade Desk Is Suddenly Bleeding Customers. Is It a Red Flag for the Adtech Stock? Ten percent of The Trade Desk's business now appears to be in jeopardy.,AAPL,The Trade Desk Is Suddenly Bleeding Customers. Is It a Red Flag for the Adtech Stock?,https://finnhub.io/api/news?id=55bf776e0dadd97fb7ed859c332feed942d800c7ee096081b41e5b4fd78c488b
139453484,"{'category': 'company', 'datetime': 1773853980, 'headline': 'Sure, Nvidia Stock Is Stuck. But Don’t Ignore Its Huge Cash Returns.', 'id': 139453484, 'image': 'https://s.yimg.com/rz/stage/p/yahoo_finance_en-US_h_p_finance_2.png', 'related': 'AAPL', 'source': 'Yahoo', 'summary': 'Nvidia chips are still dominant in the artificial-intelligence sector but the prospect of the $4.42 trillion company being able to double in size again seems distant', 'url': 'https://finnhub.io/api/news?id=d2ecf190a973f568c2ef8bcd7db04621938720f817d74e4e2a9f25e015602285'}",1773853980,news,finnhub_news,Yahoo,"Sure, Nvidia Stock Is Stuck. But Don’t Ignore Its Huge Cash Returns. Nvidia chips are still dominant in the artificial-intelligence sector but the prospect of the $4.42 trillion company being able to double in size again seems distant",AAPL,"Sure, Nvidia Stock Is Stuck. But Don’t Ignore Its Huge Cash Returns.",https://finnhub.io/api/news?id=d2ecf190a973f568c2ef8bcd7db04621938720f817d74e4e2a9f25e015602285
139458394,"{'category': 'company', 'datetime': 1773853020, 'headline': 'Tech, Media & Telecom Roundup: Market Talk', 'id': 139458394, 'image': '', 'related': 'AAPL', 'source': 'DowJones', 'summary': 'Tech, Media & Telecom Roundup: Market Talk', 'url': 'https://finnhub.io/api/news?id=d63d5c1487bec01fce88bd00bef6837bf529ad9b93a061e61cfd3e74cca1206c'}",1773853020,news,finnhub_news,DowJones,"Tech, Media & Telecom Roundup: Market Talk Tech, Media & Telecom Roundup: Market Talk",AAPL,"Tech, Media & Telecom Roundup: Market Talk",https://finnhub.io/api/news?id=d63d5c1487bec01fce88bd00bef6837bf529ad9b93a061e61cfd3e74cca1206c
139454530,"{'category': 'company', 'datetime': 1773850850, 'headline': ""Mag 7 Or 'Lag 7?' A Quant Review"", 'id': 139454530, 'image': 'https://static.seekingalpha.com/cdn/s3/uploads/getty_images/2154830395/image_2154830395.jpg?io=getty-c-w1536', 'related': 'AAPL', 'source': 'SeekingAlpha', 'summary': 'Can the Mag 7 return to their previous magnificence, or will they remain the â\x80\x9cLag 7,â\x80\x9d as recent performance suggests? Click here to see a Quant review.', 'url': 'https://finnhub.io/api/news?id=4e3f53a8640b301336e067c834be09ee814e11d6b75fa93055aa6ab029a5ff3a'}",1773850850,news,finnhub_news,SeekingAlpha,"Mag 7 Or 'Lag 7?' A Quant Review Can the Mag 7 return to their previous magnificence, or will they remain the âLag 7,â as recent performance suggests? Click here to see a Quant review.",AAPL,Mag 7 Or 'Lag 7?' A Quant Review,https://finnhub.io/api/news?id=4e3f53a8640b301336e067c834be09ee814e11d6b75fa93055aa6ab029a5ff3a
139454498,"{'category': 'company', 'datetime': 1773850550, 'headline': 'ETV: Monthly Distribution And Delivering Strong Total Returns', 'id': 139454498, 'image': 'https://static.seekingalpha.com/cdn/s3/uploads/getty_images/2201143738/image_2201143738.jpg?io=getty-c-w1536', 'related': 'AAPL', 'source': 'SeekingAlpha', 'summary': 'Eaton Vance Tax-Managed Buy-Write Opportunity Fund (ETV) offers a compelling entry point with a -6.69% discount and an 8.14% yield. Read the full CEF analysis here.', 'url': 'https://finnhub.io/api/news?id=820d1eccaa04499fee6814d1e36e6cd4cacb693ed5a92b3352e3c45aabe93af6'}",1773850550,news,finnhub_news,SeekingAlpha,ETV: Monthly Distribution And Delivering Strong Total Returns Eaton Vance Tax-Managed Buy-Write Opportunity Fund (ETV) offers a compelling entry point with a -6.69% discount and an 8.14% yield. Read the full CEF analysis here.,AAPL,ETV: Monthly Distribution And Delivering Strong Total Returns,https://finnhub.io/api/news?id=820d1eccaa04499fee6814d1e36e6cd4cacb693ed5a92b3352e3c45aabe93af6
139453503,"{'category': 'company', 'datetime': 1773848940, 'headline': ""Apple Expands Wearables Portfolio With New AirPods Max: What's Ahead?"", 'id': 139453503, 'image': 'https://s.yimg.com/rz/stage/p/yahoo_finance_en-US_h_p_finance_2.png', 'related': 'AAPL', 'source': 'Yahoo', 'summary': 'AAPL unveils AirPods Max 2 with stronger ANC and new audio features as wearables sales slip and competition from Alphabet and Garmin heats up.', 'url': 'https://finnhub.io/api/news?id=869e4d9bf2fabd7bdb105ce6b4a609d74ad71edf2f99a5203157540319e2c16d'}",1773848940,news,finnhub_news,Yahoo,Apple Expands Wearables Portfolio With New AirPods Max: What's Ahead? AAPL unveils AirPods Max 2 with stronger ANC and new audio features as wearables sales slip and competition from Alphabet and Garmin heats up.,AAPL,Apple Expands Wearables Portfolio With New AirPods Max: What's Ahead?,https://finnhub.io/api/news?id=869e4d9bf2fabd7bdb105ce6b4a609d74ad71edf2f99a5203157540319e2c16d
139454220,"{'category': 'company', 'datetime': 1773847866, 'headline': 'Kraken to pause IPO plans due to ‘market conditions’: CoinDesk', 'id': 139454220, 'image': 'https://s.yimg.com/rz/stage/p/yahoo_finance_en-US_h_p_finance_2.png', 'related': 'AAPL', 'source': 'Yahoo', 'summary': 'In a report Wednesday from sources familiar with the matter, CoinDesk claimed the firm still plans on pursuing a listing long term.', 'url': 'https://finnhub.io/api/news?id=3db86b7e0b5df79b9f981570cf3fcad8ad9bc83e796ab1df28ccb780b9583232'}",1773847866,news,finnhub_news,Yahoo,"Kraken to pause IPO plans due to ‘market conditions’: CoinDesk In a report Wednesday from sources familiar with the matter, CoinDesk claimed the firm still plans on pursuing a listing long term.",AAPL,Kraken to pause IPO plans due to ‘market conditions’: CoinDesk,https://finnhub.io/api/news?id=3db86b7e0b5df79b9f981570cf3fcad8ad9bc83e796ab1df28ccb780b9583232
139453504,"{'category': 'company', 'datetime': 1773847732, 'headline': 'Apple CEO Tim Cook doubles down on policy over politics while aligning with Trump’s manufacturing push', 'id': 139453504, 'image': 'https://s.yimg.com/rz/stage/p/yahoo_finance_en-US_h_p_finance_2.png', 'related': 'AAPL', 'source': 'Yahoo', 'summary': 'Apple CEO Tim Cook rejects any political labels while defending his close ties to the Trump administration amid criticism over his ""Melania"" documentary attendance.', 'url': 'https://finnhub.io/api/news?id=320c9ca264d32db63330262c570f5fa55e43a81b1ca65c307fed04faca2f87b8'}",1773847732,news,finnhub_news,Yahoo,"Apple CEO Tim Cook doubles down on policy over politics while aligning with Trump’s manufacturing push Apple CEO Tim Cook rejects any political labels while defending his close ties to the Trump administration amid criticism over his ""Melania"" documentary attendance.",AAPL,Apple CEO Tim Cook doubles down on policy over politics while aligning with Trump’s manufacturing push,https://finnhub.io/api/news?id=320c9ca264d32db63330262c570f5fa55e43a81b1ca65c307fed04faca2f87b8
139454036,"{'category': 'company', 'datetime': 1773846300, 'headline': 'Apple Stock Price Slips At $252 As Tech Investors Pivot To Defensive Positioning', 'id': 139454036, 'image': 'https://static.seekingalpha.com/cdn/s3/uploads/getty_images/2187854869/image_2187854869.jpg?io=getty-c-w1536', 'related': 'AAPL', 'source': 'SeekingAlpha', 'summary': 'â\x80\x8bApple shares (AAPL) traded at $252 today as the broader technology sector faced a bout of pre-Fed jitters. The daily chart shows the stock testing the strength of its recent support base.', 'url': 'https://finnhub.io/api/news?id=84b8355382f5177e56a77f7e0ffcee8486e185e5aeac15d4e00217d43b9fd58c'}",1773846300,news,finnhub_news,SeekingAlpha,Apple Stock Price Slips At $252 As Tech Investors Pivot To Defensive Positioning âApple shares (AAPL) traded at $252 today as the broader technology sector faced a bout of pre-Fed jitters. The daily chart shows the stock testing the strength of its recent support base.,AAPL,Apple Stock Price Slips At $252 As Tech Investors Pivot To Defensive Positioning,https://finnhub.io/api/news?id=84b8355382f5177e56a77f7e0ffcee8486e185e5aeac15d4e00217d43b9fd58c
139476515,"{'category': 'company', 'datetime': 1773845013, 'headline': 'Memory Supercycle Propels Micron And Market; Hot PPI And Attack On South Pars Dampen Positive Sentiment', 'id': 139476515, 'image': '', 'related': 'AAPL', 'source': 'Benzinga', 'summary': '\n\n\n\nHotter Inflation\n\n\n', 'url': 'https://finnhub.io/api/news?id=e4a0fcf1ea745d6ebf14e3f5da6b6b5eb6073155624e2e9a230c8eb3e34b6cd9'}",1773845013,news,finnhub_news,Benzinga,Memory Supercycle Propels Micron And Market; Hot PPI And Attack On South Pars Dampen Positive Sentiment Hotter Inflation,AAPL,Memory Supercycle Propels Micron And Market; Hot PPI And Attack On South Pars Dampen Positive Sentiment,https://finnhub.io/api/news?id=e4a0fcf1ea745d6ebf14e3f5da6b6b5eb6073155624e2e9a230c8eb3e34b6cd9
139452230,"{'category': 'company', 'datetime': 1773844860, 'headline': 'Nvidia Has Become a Boring ‘Value Stock.’ What to Do Now.', 'id': 139452230, 'image': 'https://s.yimg.com/rz/stage/p/yahoo_finance_en-US_h_p_finance_2.png', 'related': 'AAPL', 'source': 'Yahoo', 'summary': 'Nvidia chips are still dominant in the artificial-intelligence sector but the prospect of the $4.42 trillion company being able to double in size again seems distant', 'url': 'https://finnhub.io/api/news?id=88bdb774fcdd314d74a618db2c78e9dd52786b1f5865d373f1392274639a6654'}",1773844860,news,finnhub_news,Yahoo,Nvidia Has Become a Boring ‘Value Stock.’ What to Do Now. Nvidia chips are still dominant in the artificial-intelligence sector but the prospect of the $4.42 trillion company being able to double in size again seems distant,AAPL,Nvidia Has Become a Boring ‘Value Stock.’ What to Do Now.,https://finnhub.io/api/news?id=88bdb774fcdd314d74a618db2c78e9dd52786b1f5865d373f1392274639a6654
139476563,"{'category': 'company', 'datetime': 1773843566, 'headline': ""Pelosi Vs. Inverse Cramer: The Man Who Tracks Both Makes His Pick For Next 10 Years – 'I'm Riding With…'"", 'id': 139476563, 'image': 'https://cdn.benzinga.com/files/images/story/2026/03/18/Paris--France--08-06-2024--Nancy-Pelosi-.jpeg?width=2048&height=1536', 'related': 'AAPL', 'source': 'Benzinga', 'summary': 'Nancy Pelosi and Jim Cramer are two of the most followed financial personalities. Autopilot tracks the picks of both and here&#39;s who the company co-founder prefers.', 'url': 'https://finnhub.io/api/news?id=31d7b02acd71de602196d53d35ba8dca23ba07c46134f5c1a37758b759a0fd6c'}",1773843566,news,finnhub_news,Benzinga,Pelosi Vs. Inverse Cramer: The Man Who Tracks Both Makes His Pick For Next 10 Years – 'I'm Riding With…' Nancy Pelosi and Jim Cramer are two of the most followed financial personalities. Autopilot tracks the picks of both and here&#39;s who the company co-founder prefers.,AAPL,Pelosi Vs. Inverse Cramer: The Man Who Tracks Both Makes His Pick For Next 10 Years – 'I'm Riding With…',https://finnhub.io/api/news?id=31d7b02acd71de602196d53d35ba8dca23ba07c46134f5c1a37758b759a0fd6c
139450065,"{'category': 'company', 'datetime': 1773837643, 'headline': 'Electronics firm Jabil raises annual forecasts on data center demand', 'id': 139450065, 'image': 'https://s.yimg.com/rz/stage/p/yahoo_finance_en-US_h_p_finance_2.png', 'related': 'AAPL', 'source': 'Yahoo', 'summary': 'Electronic component maker Jabil raised its full-year profit and revenue forecasts on Wednesday, \u200cbetting on strong demand for infrastructure services from \u200cAI data centers. Shares of the St. Petersburg, Florida-based company were up 1.1% \u200bin premarket trading, after it surpassed Wall Street expectations for second-quarter results. A surge in spending for data-center infrastructure, driven by robust demand for computing power to support AI \u200ctechnologies, has benefited \u2060companies such as Jabil.', 'url': 'https://finnhub.io/api/news?id=0ce4cec456359ce3b883d18275708faa05248e27a17fa76876b4b997de3120d4'}",1773837643,news,finnhub_news,Yahoo,"Electronics firm Jabil raises annual forecasts on data center demand Electronic component maker Jabil raised its full-year profit and revenue forecasts on Wednesday, ‌betting on strong demand for infrastructure services from ‌AI data centers. Shares of the St. Petersburg, Florida-based company were up 1.1% ​in premarket trading, after it surpassed Wall Street expectations for second-quarter results. A surge in spending for data-center infrastructure, driven by robust demand for computing power to support AI ‌technologies, has benefited ⁠companies such as Jabil.",AAPL,Electronics firm Jabil raises annual forecasts on data center demand,https://finnhub.io/api/news?id=0ce4cec456359ce3b883d18275708faa05248e27a17fa76876b4b997de3120d4
139450066,"{'category': 'company', 'datetime': 1773834925, 'headline': '3 Retirees Share the Tiny Investments That Made Them Financially Secure', 'id': 139450066, 'image': 'https://s.yimg.com/rz/stage/p/yahoo_finance_en-US_h_p_finance_2.png', 'related': 'AAPL', 'source': 'Yahoo', 'summary': 'Small, smart investments can add up—three retirees share the tiny moves that helped build long‑term financial security.', 'url': 'https://finnhub.io/api/news?id=bd9467641eb2be93dbb1f61dd8d01f8d52b06cf1f6d2f7ab796c9539a7c3d489'}",1773834925,news,finnhub_news,Yahoo,"3 Retirees Share the Tiny Investments That Made Them Financially Secure Small, smart investments can add up—three retirees share the tiny moves that helped build long‑term financial security.",AAPL,3 Retirees Share the Tiny Investments That Made Them Financially Secure,https://finnhub.io/api/news?id=bd9467641eb2be93dbb1f61dd8d01f8d52b06cf1f6d2f7ab796c9539a7c3d489
139452781,"{'category': 'company', 'datetime': 1773834773, 'headline': ""Apple's talent exodus concerns"", 'id': 139452781, 'image': 'https://image.cnbcfm.com/api/v1/image/108279679-17738490181773849016-44655627253-1080pnbcnews.jpg?v=1773849017&w=1920&h=1080', 'related': 'AAPL', 'source': 'CNBC', 'summary': ""CNBC's MacKenzie Sigalos reports on news surrounding Apple."", 'url': 'https://finnhub.io/api/news?id=f775a97acd38f8b840557d4bbc3ccd0ac0a316ba1c07f0b0fddcc3c7b5377453'}",1773834773,news,finnhub_news,CNBC,Apple's talent exodus concerns CNBC's MacKenzie Sigalos reports on news surrounding Apple.,AAPL,Apple's talent exodus concerns,https://finnhub.io/api/news?id=f775a97acd38f8b840557d4bbc3ccd0ac0a316ba1c07f0b0fddcc3c7b5377453
139450067,"{'category': 'company', 'datetime': 1773834578, 'headline': ""Nvidia's $1T Guidance Leaves Stock Flat, But These 4 Plays Could Explode"", 'id': 139450067, 'image': 'https://s.yimg.com/rz/stage/p/yahoo_finance_en-US_h_p_finance_2.png', 'related': 'AAPL', 'source': 'Yahoo', 'summary': ""At the GTC 2026 conference, Nvidia laid out a bold vision: Its flagship AI accelerators will help it generate $1 trillion in revenue from 2025 through 2027. That's a massive number for a product buried deep inside massive data centers, invisible to the average person."", 'url': 'https://finnhub.io/api/news?id=9fd77b61de18b5f31e4184f2314e1ef9858d0df598aa6a95edc2730baee0651b'}",1773834578,news,finnhub_news,Yahoo,"Nvidia's $1T Guidance Leaves Stock Flat, But These 4 Plays Could Explode At the GTC 2026 conference, Nvidia laid out a bold vision: Its flagship AI accelerators will help it generate $1 trillion in revenue from 2025 through 2027. That's a massive number for a product buried deep inside massive data centers, invisible to the average person.",AAPL,"Nvidia's $1T Guidance Leaves Stock Flat, But These 4 Plays Could Explode",https://finnhub.io/api/news?id=9fd77b61de18b5f31e4184f2314e1ef9858d0df598aa6a95edc2730baee0651b
139449013,"{'category': 'company', 'datetime': 1773831937, 'headline': 'Tim Cook visits China amid App Store pressures', 'id': 139449013, 'image': 'https://s.yimg.com/rz/stage/p/yahoo_finance_en-US_h_p_finance_2.png', 'related': 'AAPL', 'source': 'Yahoo', 'summary': ""Investing.com -- Apple Inc. Chief Executive Officer Tim Cook attended a company event in China on Wednesday following the company's decision to reduce App Store commission rates in the country earlier this month."", 'url': 'https://finnhub.io/api/news?id=98c2d64a1b9663efdd36be4660b490a5954482570920f0999e527089670fc7e1'}",1773831937,news,finnhub_news,Yahoo,Tim Cook visits China amid App Store pressures Investing.com -- Apple Inc. Chief Executive Officer Tim Cook attended a company event in China on Wednesday following the company's decision to reduce App Store commission rates in the country earlier this month.,AAPL,Tim Cook visits China amid App Store pressures,https://finnhub.io/api/news?id=98c2d64a1b9663efdd36be4660b490a5954482570920f0999e527089670fc7e1
139449014,"{'category': 'company', 'datetime': 1773831631, 'headline': 'How one Web3 company is investing in the future of the blockchain', 'id': 139449014, 'image': 'https://s.yimg.com/rz/stage/p/yahoo_finance_en-US_h_p_finance_2.png', 'related': 'AAPL', 'source': 'Yahoo', 'summary': ""Animoca Brands co-founder and CEO Yat Siu speaks with Market Domination's Josh Lipton about the Web3 developer's function as a conglomerate investor in blockchain technologies."", 'url': 'https://finnhub.io/api/news?id=2d504fa648c839e8b6268acaa6f3ec8886c70d78dd7ea55f22f9f2db0bbb2185'}",1773831631,news,finnhub_news,Yahoo,How one Web3 company is investing in the future of the blockchain Animoca Brands co-founder and CEO Yat Siu speaks with Market Domination's Josh Lipton about the Web3 developer's function as a conglomerate investor in blockchain technologies.,AAPL,How one Web3 company is investing in the future of the blockchain,https://finnhub.io/api/news?id=2d504fa648c839e8b6268acaa6f3ec8886c70d78dd7ea55f22f9f2db0bbb2185
139451821,"{'category': 'company', 'datetime': 1773831615, 'headline': 'New York Rep. Thomas Suozzi Sold Up to $215K Worth of Apple Stock', 'id': 139451821, 'image': 'https://cdn.benzinga.com/files/images/story/2025/11/06/insider_trade_1.jpg?width=2048&height=1536', 'related': 'AAPL', 'source': 'Benzinga', 'summary': ' ', 'url': 'https://finnhub.io/api/news?id=f80b8819a1b68a9439e82ceb63880ecda7593b43ff6f78a8ed54c756627de5b7'}",1773831615,news,finnhub_news,Benzinga,New York Rep. Thomas Suozzi Sold Up to $215K Worth of Apple Stock,AAPL,New York Rep. Thomas Suozzi Sold Up to $215K Worth of Apple Stock,https://finnhub.io/api/news?id=f80b8819a1b68a9439e82ceb63880ecda7593b43ff6f78a8ed54c756627de5b7
139449004,"{'category': 'company', 'datetime': 1773831613, 'headline': '3 Growth ETFs to Buy in 2026 and Hold Until Your Portfolio Hits 7 Figures', 'id': 139449004, 'image': 'https://s.yimg.com/rz/stage/p/yahoo_finance_en-US_h_p_finance_2.png', 'related': 'AAPL', 'source': 'Yahoo', 'summary': 'Building a seven-figure portfolio from scratch requires one thing above almost everything else: time in the market, compounded through funds that systematically own the companies driving the economy forward. Growth ETFs are the most direct vehicle for that. They screen specifically for companies with above-average earnings and revenue expansion, filtering out the slow-movers that drag ... 3 Growth ETFs to Buy in 2026 and Hold Until Your Portfolio Hits 7 Figures', 'url': 'https://finnhub.io/api/news?id=b3f7b338c43327018f872c237888bb02dde037a0251fed75c5b8c64975672c6b'}",1773831613,news,finnhub_news,Yahoo,"3 Growth ETFs to Buy in 2026 and Hold Until Your Portfolio Hits 7 Figures Building a seven-figure portfolio from scratch requires one thing above almost everything else: time in the market, compounded through funds that systematically own the companies driving the economy forward. Growth ETFs are the most direct vehicle for that. They screen specifically for companies with above-average earnings and revenue expansion, filtering out the slow-movers that drag ... 3 Growth ETFs to Buy in 2026 and Hold Until Your Portfolio Hits 7 Figures",AAPL,3 Growth ETFs to Buy in 2026 and Hold Until Your Portfolio Hits 7 Figures,https://finnhub.io/api/news?id=b3f7b338c43327018f872c237888bb02dde037a0251fed75c5b8c64975672c6b
139449016,"{'category': 'company', 'datetime': 1773829852, 'headline': 'Does Nvidia have a stock problem? Experts weigh in', 'id': 139449016, 'image': 'https://s.yimg.com/rz/stage/p/yahoo_finance_en-US_h_p_finance_2.png', 'related': 'AAPL', 'source': 'Yahoo', 'summary': ""Barron's Investor Circle newsletter editor Josh Schafer joins Yahoo Finance Head of News Myles Udland and Morning Brief host Julie Hyman to discuss whether Nvidia's (NVDA) sideways trading over the past year is an actual problem."", 'url': 'https://finnhub.io/api/news?id=313cbfdb1e724790d7165eb3987ab282f7ac3a6fe31fbe77cffeef66723651a9'}",1773829852,news,finnhub_news,Yahoo,Does Nvidia have a stock problem? Experts weigh in Barron's Investor Circle newsletter editor Josh Schafer joins Yahoo Finance Head of News Myles Udland and Morning Brief host Julie Hyman to discuss whether Nvidia's (NVDA) sideways trading over the past year is an actual problem.,AAPL,Does Nvidia have a stock problem? Experts weigh in,https://finnhub.io/api/news?id=313cbfdb1e724790d7165eb3987ab282f7ac3a6fe31fbe77cffeef66723651a9
139451823,"{'category': 'company', 'datetime': 1773827550, 'headline': ""'Apple Cracks Down on 'Vibe Coding' Apps' - The Information"", 'id': 139451823, 'image': '', 'related': 'AAPL', 'source': 'Benzinga', 'summary': 'https://www.theinformation.com/articles/apple-cracks-vibe-coding-apps', 'url': 'https://finnhub.io/api/news?id=21d736d0696621a5285d7a2b2f83ad4a989b892b85780b88b4f9df8c081db889'}",1773827550,news,finnhub_news,Benzinga,'Apple Cracks Down on 'Vibe Coding' Apps' - The Information https://www.theinformation.com/articles/apple-cracks-vibe-coding-apps,AAPL,'Apple Cracks Down on 'Vibe Coding' Apps' - The Information,https://finnhub.io/api/news?id=21d736d0696621a5285d7a2b2f83ad4a989b892b85780b88b4f9df8c081db889
139450730,"{'category': 'company', 'datetime': 1773827387, 'headline': 'Apple, Samsung Eat The Global Smartphone Market Alive In 2025', 'id': 139450730, 'image': 'https://cdn.benzinga.com/files/images/story/2026/03/18/How-To-Score-Limited-Edition-Designer-Ap.jpeg?width=2048&height=1536', 'related': 'AAPL', 'source': 'Benzinga', 'summary': 'Apple and Samsung lead 2025 global smartphone shipments. Premium demand rises in North America, while 4G dominates LATAM and MEA.', 'url': 'https://finnhub.io/api/news?id=f21ac63cb6e63dd9061015ca7de9828039aa6917162a2e3e951bbf735f1a7411'}",1773827387,news,finnhub_news,Benzinga,"Apple, Samsung Eat The Global Smartphone Market Alive In 2025 Apple and Samsung lead 2025 global smartphone shipments. Premium demand rises in North America, while 4G dominates LATAM and MEA.",AAPL,"Apple, Samsung Eat The Global Smartphone Market Alive In 2025",https://finnhub.io/api/news?id=f21ac63cb6e63dd9061015ca7de9828039aa6917162a2e3e951bbf735f1a7411
139449017,"{'category': 'company', 'datetime': 1773827310, 'headline': 'Apple CEO Visits China Amid Growing Pressure on App Store Policy', 'id': 139449017, 'image': 'https://s.yimg.com/rz/stage/p/yahoo_finance_en-US_h_p_finance_2.png', 'related': 'AAPL', 'source': 'Yahoo', 'summary': 'Cook attended a event at an Apple store in the southwestern Chinese city of Chengdu to commemorate the company’s 50th anniversary, the municipal government said in a post on WeChat.  An Apple representative did not immediately respond to a request for comment.', 'url': 'https://finnhub.io/api/news?id=a7418b786f1591630611ac0a5c92a38315d1ff0c35fa43839e5c8106d5259b61'}",1773827310,news,finnhub_news,Yahoo,"Apple CEO Visits China Amid Growing Pressure on App Store Policy Cook attended a event at an Apple store in the southwestern Chinese city of Chengdu to commemorate the company’s 50th anniversary, the municipal government said in a post on WeChat. An Apple representative did not immediately respond to a request for comment.",AAPL,Apple CEO Visits China Amid Growing Pressure on App Store Policy,https://finnhub.io/api/news?id=a7418b786f1591630611ac0a5c92a38315d1ff0c35fa43839e5c8106d5259b61
139449683,"{'category': 'company', 'datetime': 1773824694, 'headline': 'Apple: Embracing AI The Way It Knows Best, Through Design (Rating Upgrade)', 'id': 139449683, 'image': 'https://static.seekingalpha.com/cdn/s3/uploads/getty_images/170282509/image_170282509.jpg?io=getty-c-w1536', 'related': 'AAPL', 'source': 'SeekingAlpha', 'summary': 'Appleâ\x80\x99s AI strategy: integrated, privacy-first AI across iOS/macOS and 2.5B devices. Click here to read my latest analysis of AAPL stock.', 'url': 'https://finnhub.io/api/news?id=e7afdfb56892a12b2d3a9972e49fe30defd2b6d9411f958749f2c6a03c6c8675'}",1773824694,news,finnhub_news,SeekingAlpha,"Apple: Embracing AI The Way It Knows Best, Through Design (Rating Upgrade) Appleâs AI strategy: integrated, privacy-first AI across iOS/macOS and 2.5B devices. Click here to read my latest analysis of AAPL stock.",AAPL,"Apple: Embracing AI The Way It Knows Best, Through Design (Rating Upgrade)",https://finnhub.io/api/news?id=e7afdfb56892a12b2d3a9972e49fe30defd2b6d9411f958749f2c6a03c6c8675
139449018,"{'category': 'company', 'datetime': 1773823893, 'headline': 'The best way for CEOs to keep bonuses in a downturn: Lower expectations', 'id': 139449018, 'image': 'https://s.yimg.com/rz/stage/p/yahoo_finance_en-US_h_p_finance_2.png', 'related': 'AAPL', 'source': 'Yahoo', 'summary': 'Also: All the news and watercooler chat from Fortune.', 'url': 'https://finnhub.io/api/news?id=96aaa329d0ffb5b2b4f04395a79ef158de0ebfab1982e44c95a2a9f22dc584c6'}",1773823893,news,finnhub_news,Yahoo,The best way for CEOs to keep bonuses in a downturn: Lower expectations Also: All the news and watercooler chat from Fortune.,AAPL,The best way for CEOs to keep bonuses in a downturn: Lower expectations,https://finnhub.io/api/news?id=96aaa329d0ffb5b2b4f04395a79ef158de0ebfab1982e44c95a2a9f22dc584c6
139448338,"{'category': 'company', 'datetime': 1773821580, 'headline': 'Nvidia Is a ‘Value Stock’. Why Jim Cramer Might Have a Point.', 'id': 139448338, 'image': 'https://s.yimg.com/rz/stage/p/yahoo_finance_en-US_h_p_finance_2.png', 'related': 'AAPL', 'source': 'Yahoo', 'summary': 'Nvidia chips are still dominant in the artificial-intelligence sector but the prospect of the $4.42 trillion company being able to double in size again seems distant', 'url': 'https://finnhub.io/api/news?id=5123c93a06ba1033c3cc6b22f01866e41d81fb91ba39baa9862ea56f04e77887'}",1773821580,news,finnhub_news,Yahoo,Nvidia Is a ‘Value Stock’. Why Jim Cramer Might Have a Point. Nvidia chips are still dominant in the artificial-intelligence sector but the prospect of the $4.42 trillion company being able to double in size again seems distant,AAPL,Nvidia Is a ‘Value Stock’. Why Jim Cramer Might Have a Point.,https://finnhub.io/api/news?id=5123c93a06ba1033c3cc6b22f01866e41d81fb91ba39baa9862ea56f04e77887
139452768,"{'category': 'company', 'datetime': 1773819001, 'headline': 'Micron rides memory price spike into earnings with stock up 62%, drubbing its tech peers', 'id': 139452768, 'image': 'https://image.cnbcfm.com/api/v1/image/107408933-17145831152024-04-26t174650z_333533275_rc2de7aiwj0p_rtrmadp_0_usa-stocks.jpeg?v=1714583173&w=1920&h=1080', 'related': 'AAPL', 'source': 'CNBC', 'summary': 'As generative AI models get more sophisticated, companies need more memory and faster memory, Micron CEO Sanjay Mehrotra said in January.', 'url': 'https://finnhub.io/api/news?id=3c9f01c723da8f440a5f48cfe78e62eae5ea45387d8e447dfca12cb51f3e1acb'}",1773819001,news,finnhub_news,CNBC,"Micron rides memory price spike into earnings with stock up 62%, drubbing its tech peers As generative AI models get more sophisticated, companies need more memory and faster memory, Micron CEO Sanjay Mehrotra said in January.",AAPL,"Micron rides memory price spike into earnings with stock up 62%, drubbing its tech peers",https://finnhub.io/api/news?id=3c9f01c723da8f440a5f48cfe78e62eae5ea45387d8e447dfca12cb51f3e1acb
139447726,"{'category': 'company', 'datetime': 1773817674, 'headline': 'A Look At Tencent Music Entertainment Group (TME) Valuation After Optimism Around Earnings And Analyst Upgrades', 'id': 139447726, 'image': 'https://s.yimg.com/rz/stage/p/yahoo_finance_en-US_h_p_finance_2.png', 'related': 'AAPL', 'source': 'Yahoo', 'summary': 'Tencent Music Entertainment Group (TME) has been in focus after a recent upswing in its share price, driven by optimism ahead of earnings, recent analyst upgrades, and Apple’s lower App Store commissions in China. See our latest analysis for Tencent Music Entertainment Group. That recent pre earnings optimism now sits against a sharp pullback, with a 1 day share price return of a 24.65% decline and a 30 day share price return of a 28.27% decline. At the same time, the 3 year total shareholder...', 'url': 'https://finnhub.io/api/news?id=5d0923a76fe416edfd6a93078d102afb980ba510f8bd54b5a9485e3b9770b3d6'}",1773817674,news,finnhub_news,Yahoo,"A Look At Tencent Music Entertainment Group (TME) Valuation After Optimism Around Earnings And Analyst Upgrades Tencent Music Entertainment Group (TME) has been in focus after a recent upswing in its share price, driven by optimism ahead of earnings, recent analyst upgrades, and Apple’s lower App Store commissions in China. See our latest analysis for Tencent Music Entertainment Group. That recent pre earnings optimism now sits against a sharp pullback, with a 1 day share price return of a 24.65% decline and a 30 day share price return of a 28.27% decline. At the same time, the 3 year total shareholder...",AAPL,A Look At Tencent Music Entertainment Group (TME) Valuation After Optimism Around Earnings And Analyst Upgrades,https://finnhub.io/api/news?id=5d0923a76fe416edfd6a93078d102afb980ba510f8bd54b5a9485e3b9770b3d6
139448457,"{'category': 'company', 'datetime': 1773813600, 'headline': 'FTEC: Technology Dashboard For March', 'id': 139448457, 'image': 'https://static.seekingalpha.com/cdn/s3/uploads/getty_images/1160051881/image_1160051881.jpg?io=getty-c-w1536', 'related': 'AAPL', 'source': 'SeekingAlpha', 'summary': 'The Fidelity MSCI Information Technology Index ETF offers low-cost, broad tech sector exposure. Click here to read an analysis of the FTEC ETF here.', 'url': 'https://finnhub.io/api/news?id=829e86224c8f3b16a4e8288dd65785c3c9dfe7a58fc1526639cb629cea0a53f3'}",1773813600,news,finnhub_news,SeekingAlpha,"FTEC: Technology Dashboard For March The Fidelity MSCI Information Technology Index ETF offers low-cost, broad tech sector exposure. Click here to read an analysis of the FTEC ETF here.",AAPL,FTEC: Technology Dashboard For March,https://finnhub.io/api/news?id=829e86224c8f3b16a4e8288dd65785c3c9dfe7a58fc1526639cb629cea0a53f3
139449973,"{'category': 'company', 'datetime': 1773797888, 'headline': ""Tim Cook To Exit As Apple CEO Before 2027? Here's What Prediction Market Is Saying"", 'id': 139449973, 'image': 'https://cdn.benzinga.com/files/images/story/2026/03/18/Tim-Cook--Chief-Executive-Officer-Of-App_0.jpeg?width=2048&height=1536', 'related': 'AAPL', 'source': 'Benzinga', 'summary': 'Apple Inc.&#39;s (NASDAQ:AAPL) Tim Cook on Tuesday di', 'url': 'https://finnhub.io/api/news?id=9728e8cf49df6f0766d43bfc695ffeacb6647b12bd2e467bf5af22fca487f034'}",1773797888,news,finnhub_news,Benzinga,Tim Cook To Exit As Apple CEO Before 2027? Here's What Prediction Market Is Saying Apple Inc.&#39;s (NASDAQ:AAPL) Tim Cook on Tuesday di,AAPL,Tim Cook To Exit As Apple CEO Before 2027? Here's What Prediction Market Is Saying,https://finnhub.io/api/news?id=9728e8cf49df6f0766d43bfc695ffeacb6647b12bd2e467bf5af22fca487f034
139445876,"{'category': 'company', 'datetime': 1773793120, 'headline': 'Apple’s MotionVFX Deal Deepens Creator Studio And Services Ecosystem', 'id': 139445876, 'image': 'https://s.yimg.com/rz/stage/p/yahoo_finance_en-US_h_p_finance_2.png', 'related': 'AAPL', 'source': 'Yahoo', 'summary': ""Apple has acquired MotionVFX, a developer of plug ins and tools for Final Cut Pro, in a move to deepen its creative software offering. The deal is aimed at building out the Creator Studio bundle and reinforcing Apple's position with professional content creators. The acquisition ties into Apple's wider focus on Services and subscriptions as part of its broader ecosystem strategy. NasdaqGS:AAPL currently trades at $254.23, with the share price reflecting a 20.1% return over the past year and..."", 'url': 'https://finnhub.io/api/news?id=3f286878a5bca6ad51f9e6a508d820a0d2be04389e4dfdaa012df9bd74ee46eb'}",1773793120,news,finnhub_news,Yahoo,"Apple’s MotionVFX Deal Deepens Creator Studio And Services Ecosystem Apple has acquired MotionVFX, a developer of plug ins and tools for Final Cut Pro, in a move to deepen its creative software offering. The deal is aimed at building out the Creator Studio bundle and reinforcing Apple's position with professional content creators. The acquisition ties into Apple's wider focus on Services and subscriptions as part of its broader ecosystem strategy. NasdaqGS:AAPL currently trades at $254.23, with the share price reflecting a 20.1% return over the past year and...",AAPL,Apple’s MotionVFX Deal Deepens Creator Studio And Services Ecosystem,https://finnhub.io/api/news?id=3f286878a5bca6ad51f9e6a508d820a0d2be04389e4dfdaa012df9bd74ee46eb
139444646,"{'category': 'company', 'datetime': 1773778848, 'headline': 'Tim Cook Pushes Back On Retirement Talk', 'id': 139444646, 'image': 'https://s.yimg.com/rz/stage/p/yahoo_finance_en-US_h_p_finance_2.png', 'related': 'AAPL', 'source': 'Yahoo', 'summary': 'CEO dismisses growing retirement speculation', 'url': 'https://finnhub.io/api/news?id=8eec3f8acdeb120c8f90bc43828f94733c301feae424848c1c49deac8bc5f13b'}",1773778848,news,finnhub_news,Yahoo,Tim Cook Pushes Back On Retirement Talk CEO dismisses growing retirement speculation,AAPL,Tim Cook Pushes Back On Retirement Talk,https://finnhub.io/api/news?id=8eec3f8acdeb120c8f90bc43828f94733c301feae424848c1c49deac8bc5f13b
139444647,"{'category': 'company', 'datetime': 1773777240, 'headline': '2 ETFs Have Similar Names. Their Performances Couldn’t Be More Different.', 'id': 139444647, 'image': 'https://s.yimg.com/rz/stage/p/yahoo_finance_en-US_h_p_finance_2.png', 'related': 'AAPL', 'source': 'Yahoo', 'summary': 'Value stocks have been having a good run.  For investors in exchange-traded funds, just how good depends on which fund you choose.  With stock market valuations at record highs and uncertainty around the war in Iran, investors have been paying renewed attention to value stocks, usually defined as those with low share prices relative to metrics like earnings or book value.', 'url': 'https://finnhub.io/api/news?id=ca8579f035d59f2f100bf3d69f83bc13ec5789f8a422cc2e44ea28cc46bec5e1'}",1773777240,news,finnhub_news,Yahoo,"2 ETFs Have Similar Names. Their Performances Couldn’t Be More Different. Value stocks have been having a good run. For investors in exchange-traded funds, just how good depends on which fund you choose. With stock market valuations at record highs and uncertainty around the war in Iran, investors have been paying renewed attention to value stocks, usually defined as those with low share prices relative to metrics like earnings or book value.",AAPL,2 ETFs Have Similar Names. Their Performances Couldn’t Be More Different.,https://finnhub.io/api/news?id=ca8579f035d59f2f100bf3d69f83bc13ec5789f8a422cc2e44ea28cc46bec5e1
139443621,"{'category': 'company', 'datetime': 1773776841, 'headline': 'Sector Update: Tech Stocks Mixed Late Afternoon', 'id': 139443621, 'image': 'https://s.yimg.com/rz/stage/p/yahoo_finance_en-US_h_p_finance_2.png', 'related': 'AAPL', 'source': 'Yahoo', 'summary': 'Tech stocks were mixed late Tuesday afternoon, with the State Street Technology Select Sector SPDR E', 'url': 'https://finnhub.io/api/news?id=be208b0a6cd3225c7e62e71ce1e5c361055699bde807185677d763f82e48158f'}",1773776841,news,finnhub_news,Yahoo,"Sector Update: Tech Stocks Mixed Late Afternoon Tech stocks were mixed late Tuesday afternoon, with the State Street Technology Select Sector SPDR E",AAPL,Sector Update: Tech Stocks Mixed Late Afternoon,https://finnhub.io/api/news?id=be208b0a6cd3225c7e62e71ce1e5c361055699bde807185677d763f82e48158f
139443622,"{'category': 'company', 'datetime': 1773773979, 'headline': 'Apple Acquires MotionVFX as Services Revenue Tops 26%', 'id': 139443622, 'image': 'https://s.yimg.com/rz/stage/p/yahoo_finance_en-US_h_p_finance_2.png', 'related': 'AAPL', 'source': 'Yahoo', 'summary': ""Acquisition of Final Cut Pro plug-in developer could strengthen Creator Studio and expand Apple's push into creator-focused subscriptions."", 'url': 'https://finnhub.io/api/news?id=e9f4f3e888ca1e6ab8946de0936f8b2a87a41af32315250fa033a891fbaa7615'}",1773773979,news,finnhub_news,Yahoo,Apple Acquires MotionVFX as Services Revenue Tops 26% Acquisition of Final Cut Pro plug-in developer could strengthen Creator Studio and expand Apple's push into creator-focused subscriptions.,AAPL,Apple Acquires MotionVFX as Services Revenue Tops 26%,https://finnhub.io/api/news?id=e9f4f3e888ca1e6ab8946de0936f8b2a87a41af32315250fa033a891fbaa7615
139444648,"{'category': 'company', 'datetime': 1773771075, 'headline': 'Apple Just Announced the AirPods Max 2. Can That Move the Needle for AAPL Stock?', 'id': 139444648, 'image': 'https://s.yimg.com/rz/stage/p/yahoo_finance_en-US_h_p_finance_2.png', 'related': 'AAPL', 'source': 'Yahoo', 'summary': 'Is Apple’s AirPods Max 2 launch a meaningful growth trigger for AAPL stock, or just another steady product refresh?', 'url': 'https://finnhub.io/api/news?id=c507375c58fad6254067fbf8505b259571b035942470448cc9e24016960656a7'}",1773771075,news,finnhub_news,Yahoo,"Apple Just Announced the AirPods Max 2. Can That Move the Needle for AAPL Stock? Is Apple’s AirPods Max 2 launch a meaningful growth trigger for AAPL stock, or just another steady product refresh?",AAPL,Apple Just Announced the AirPods Max 2. Can That Move the Needle for AAPL Stock?,https://finnhub.io/api/news?id=c507375c58fad6254067fbf8505b259571b035942470448cc9e24016960656a7
139439125,"{'category': 'company', 'datetime': 1773768625, 'headline': ""Oil prices back above $100, Apple's Tim Cook denies retirement rumors"", 'id': 139439125, 'image': 'https://s.yimg.com/rz/stage/p/yahoo_finance_en-US_h_p_finance_2.png', 'related': 'AAPL', 'source': 'Yahoo', 'summary': ""Yahoo Finance Senior Producer John Hyland tracks today's top moving stocks and biggest market stories in this Market Minute. US stocks (^DJI, ^IXIC, ^GSPC) advance for the second day in a row. Oil prices (CL=F, BZ=F)are trading above $100 per barrel following further attacks in the Middle East. Apple (AAPL) stock is up after CEO Tim Cook dispelled rumors that he plans to depart the company."", 'url': 'https://finnhub.io/api/news?id=699a50dbef8329c26a7b66dce324b72cb0ae302046672b8787a5b5b6921487a4'}",1773768625,news,finnhub_news,Yahoo,"Oil prices back above $100, Apple's Tim Cook denies retirement rumors Yahoo Finance Senior Producer John Hyland tracks today's top moving stocks and biggest market stories in this Market Minute. US stocks (^DJI, ^IXIC, ^GSPC) advance for the second day in a row. Oil prices (CL=F, BZ=F)are trading above $100 per barrel following further attacks in the Middle East. Apple (AAPL) stock is up after CEO Tim Cook dispelled rumors that he plans to depart the company.",AAPL,"Oil prices back above $100, Apple's Tim Cook denies retirement rumors",https://finnhub.io/api/news?id=699a50dbef8329c26a7b66dce324b72cb0ae302046672b8787a5b5b6921487a4
139452783,"{'category': 'company', 'datetime': 1773767999, 'headline': ""'Fast Money' traders break down the memory stock madness"", 'id': 139452783, 'image': 'https://image.cnbcfm.com/api/v1/image/108279219-17737820161773782013-44638708393-1080pnbcnews.jpg?v=1773782015&w=1920&h=1080', 'related': 'AAPL', 'source': 'CNBC', 'summary': 'CNBC’s “Fast Money” team discusses the memory stocks, the AI trade and recent market action.', 'url': 'https://finnhub.io/api/news?id=3783a54c64afa95584cb4c551f5076c7fca0ea2d6ee382a786dac59ffa2b80b5'}",1773767999,news,finnhub_news,CNBC,"'Fast Money' traders break down the memory stock madness CNBC’s “Fast Money” team discusses the memory stocks, the AI trade and recent market action.",AAPL,'Fast Money' traders break down the memory stock madness,https://finnhub.io/api/news?id=3783a54c64afa95584cb4c551f5076c7fca0ea2d6ee382a786dac59ffa2b80b5
139443623,"{'category': 'company', 'datetime': 1773766380, 'headline': ""Is Alphabet Stock's 25.55X PE Still Worth it? Buy, Sell, or Hold?"", 'id': 139443623, 'image': 'https://s.yimg.com/rz/stage/p/yahoo_finance_en-US_h_p_finance_2.png', 'related': 'AAPL', 'source': 'Yahoo', 'summary': 'GOOGL faces valuation concerns despite AI-driven growth in Search and Cloud, as rising capex and margin pressure cloud near-term upside.', 'url': 'https://finnhub.io/api/news?id=50f3128721844857f70ded9d1c17a2ebaf0697c25bc10f5a0b374dbcc1fa0e5d'}",1773766380,news,finnhub_news,Yahoo,"Is Alphabet Stock's 25.55X PE Still Worth it? Buy, Sell, or Hold? GOOGL faces valuation concerns despite AI-driven growth in Search and Cloud, as rising capex and margin pressure cloud near-term upside.",AAPL,"Is Alphabet Stock's 25.55X PE Still Worth it? Buy, Sell, or Hold?",https://finnhub.io/api/news?id=50f3128721844857f70ded9d1c17a2ebaf0697c25bc10f5a0b374dbcc1fa0e5d
139444412,"{'category': 'company', 'datetime': 1773765593, 'headline': ""Why I'm Still Buying Qualcomm"", 'id': 139444412, 'image': 'https://static.seekingalpha.com/cdn/s3/uploads/getty_images/1445251323/image_1445251323.jpg?io=getty-c-w1536', 'related': 'AAPL', 'source': 'SeekingAlpha', 'summary': 'Qualcomm Incorporated looks undervalued vs peers: record revenue, $20B buyback, auto growth offset Apple risks. Click for this QCOM stock update.', 'url': 'https://finnhub.io/api/news?id=b983087f3425f1faa66d30f6052c2454de5440d0da5be1abcf136fedbf119ebb'}",1773765593,news,finnhub_news,SeekingAlpha,"Why I'm Still Buying Qualcomm Qualcomm Incorporated looks undervalued vs peers: record revenue, $20B buyback, auto growth offset Apple risks. Click for this QCOM stock update.",AAPL,Why I'm Still Buying Qualcomm,https://finnhub.io/api/news?id=b983087f3425f1faa66d30f6052c2454de5440d0da5be1abcf136fedbf119ebb
139439126,"{'category': 'company', 'datetime': 1773764100, 'headline': 'Nvidia’s Super Bowl Plays to the Crowd', 'id': 139439126, 'image': 'https://s.yimg.com/rz/stage/p/yahoo_finance_en-US_h_p_finance_2.png', 'related': 'AAPL', 'source': 'Yahoo', 'summary': 'Nvidia  and  Apple  are two very different companies with one problem in common: Both have a hard time springing any surprises.  Nvidia is hosting its annual  GTC  conference in San Jose, Calif., this week.  The opening keynote by CEO  Jensen Huang  on Monday devoted most of its time to Vera Rubin, the next generation of the company’s AI computing platforms.', 'url': 'https://finnhub.io/api/news?id=46996ef5117ed2fe9277f87c3e5f808b523b3823502e4d6f968659b62be7eeb4'}",1773764100,news,finnhub_news,Yahoo,"Nvidia’s Super Bowl Plays to the Crowd Nvidia and Apple are two very different companies with one problem in common: Both have a hard time springing any surprises. Nvidia is hosting its annual GTC conference in San Jose, Calif., this week. The opening keynote by CEO Jensen Huang on Monday devoted most of its time to Vera Rubin, the next generation of the company’s AI computing platforms.",AAPL,Nvidia’s Super Bowl Plays to the Crowd,https://finnhub.io/api/news?id=46996ef5117ed2fe9277f87c3e5f808b523b3823502e4d6f968659b62be7eeb4
139440543,"{'category': 'company', 'datetime': 1773760080, 'headline': 'Touchstone Sands Capital Select Growth Fund Q4 2025 Portfolio Review', 'id': 139440543, 'image': 'https://static.seekingalpha.com/cdn/s3/uploads/getty_images/2208603114/image_2208603114.jpg?io=getty-c-w1536', 'related': 'AAPL', 'source': 'SeekingAlpha', 'summary': 'The Touchstone Sands Capital Select Growth Fund (Class A Shares, Load Waived) underperformed its benchmark, the Russell 1000Â® Growth Index, for the quarter ended December 31, 2025.', 'url': 'https://finnhub.io/api/news?id=14797fec88b3495215bd04157838addd50214cd65f0d7552143f38c9bcb36a00'}",1773760080,news,finnhub_news,SeekingAlpha,"Touchstone Sands Capital Select Growth Fund Q4 2025 Portfolio Review The Touchstone Sands Capital Select Growth Fund (Class A Shares, Load Waived) underperformed its benchmark, the Russell 1000Â® Growth Index, for the quarter ended December 31, 2025.",AAPL,Touchstone Sands Capital Select Growth Fund Q4 2025 Portfolio Review,https://finnhub.io/api/news?id=14797fec88b3495215bd04157838addd50214cd65f0d7552143f38c9bcb36a00
139437769,"{'category': 'company', 'datetime': 1773760020, 'headline': ""Apple's newest product is a game-changer"", 'id': 139437769, 'image': 'https://s.yimg.com/rz/stage/p/yahoo_finance_en-US_h_p_finance_2.png', 'related': 'AAPL', 'source': 'Yahoo', 'summary': 'Apple caught the tech world off guard on Monday with a surprise announcement: the AirPods Max 2 are here. There were no leaks. No rumors. No pre-event whispers. The company simply dropped its long-awaited over-ear headphone upgrade without a word of warning. The headline upgrade is a new H2 chip, ...', 'url': 'https://finnhub.io/api/news?id=0f9e9a90690be07e0b36870cbe4dff7983e57ed0691f4b1e30f7924208c63eef'}",1773760020,news,finnhub_news,Yahoo,"Apple's newest product is a game-changer Apple caught the tech world off guard on Monday with a surprise announcement: the AirPods Max 2 are here. There were no leaks. No rumors. No pre-event whispers. The company simply dropped its long-awaited over-ear headphone upgrade without a word of warning. The headline upgrade is a new H2 chip, ...",AAPL,Apple's newest product is a game-changer,https://finnhub.io/api/news?id=0f9e9a90690be07e0b36870cbe4dff7983e57ed0691f4b1e30f7924208c63eef
139450332,"{'category': 'company', 'datetime': 1773754514, 'headline': ""10 Information Technology Stocks Whale Activity In Today's Session"", 'id': 139450332, 'image': 'https://cdn.benzinga.com/files/images/story/2025/11/06/aggregated_options_2.jpg?width=2048&height=1536', 'related': 'AAPL', 'source': 'Benzinga', 'summary': ' ', 'url': 'https://finnhub.io/api/news?id=b8f1a428692d244bb47ae95c187fbc68970cb47d03865b907a1bd6e0b76f9ffb'}",1773754514,news,finnhub_news,Benzinga,10 Information Technology Stocks Whale Activity In Today's Session,AAPL,10 Information Technology Stocks Whale Activity In Today's Session,https://finnhub.io/api/news?id=b8f1a428692d244bb47ae95c187fbc68970cb47d03865b907a1bd6e0b76f9ffb
139435580,"{'category': 'company', 'datetime': 1773754119, 'headline': 'Apple COO Visits China, Meets Suppliers', 'id': 139435580, 'image': 'https://s.yimg.com/rz/stage/p/yahoo_finance_en-US_h_p_finance_2.png', 'related': 'AAPL', 'source': 'Yahoo', 'summary': 'Trip signals ongoing focus on supply chain operations', 'url': 'https://finnhub.io/api/news?id=aaae48a5edf667e1daae47fcd18aaa56e03a9874ad58c133db76692d6329d167'}",1773754119,news,finnhub_news,Yahoo,"Apple COO Visits China, Meets Suppliers Trip signals ongoing focus on supply chain operations",AAPL,"Apple COO Visits China, Meets Suppliers",https://finnhub.io/api/news?id=aaae48a5edf667e1daae47fcd18aaa56e03a9874ad58c133db76692d6329d167
139450556,"{'category': 'company', 'datetime': 1773753441, 'headline': ""Apple's Tim Cook Rejects Retirement Chatter"", 'id': 139450556, 'image': 'https://cdn.benzinga.com/files/images/story/2026/03/17/Tim-Cook--Chief-Executive-Officer-Of-App_2.jpeg?width=2048&height=1536', 'related': 'AAPL', 'source': 'Benzinga', 'summary': 'Apple CEO Tim Cook pushes back on retirement reports, citing his passion for leadership and Apple&#39;s upcoming AI milestones.', 'url': 'https://finnhub.io/api/news?id=e67842c59b9c4d02571b554e79aab231017b65b9b0109ad81e8f6617050b612d'}",1773753441,news,finnhub_news,Benzinga,"Apple's Tim Cook Rejects Retirement Chatter Apple CEO Tim Cook pushes back on retirement reports, citing his passion for leadership and Apple&#39;s upcoming AI milestones.",AAPL,Apple's Tim Cook Rejects Retirement Chatter,https://finnhub.io/api/news?id=e67842c59b9c4d02571b554e79aab231017b65b9b0109ad81e8f6617050b612d
139435471,"{'category': 'company', 'datetime': 1773753422, 'headline': '2 High-Flying Stocks with Competitive Advantages and 1 We Brush Off', 'id': 139435471, 'image': 'https://s.yimg.com/rz/stage/p/yahoo_finance_en-US_h_p_finance_2.png', 'related': 'AAPL', 'source': 'Yahoo', 'summary': '""You get what you pay for"" often applies to expensive stocks with best-in-class business models and execution. While their quality can sometimes justify the premium, they typically experience elevated volatility during market downturns when expectations change.', 'url': 'https://finnhub.io/api/news?id=2668234125c24cb373b714d3553f7a9b3146cde31f89a52f08e6906ce903208e'}",1773753422,news,finnhub_news,Yahoo,"2 High-Flying Stocks with Competitive Advantages and 1 We Brush Off ""You get what you pay for"" often applies to expensive stocks with best-in-class business models and execution. While their quality can sometimes justify the premium, they typically experience elevated volatility during market downturns when expectations change.",AAPL,2 High-Flying Stocks with Competitive Advantages and 1 We Brush Off,https://finnhub.io/api/news?id=2668234125c24cb373b714d3553f7a9b3146cde31f89a52f08e6906ce903208e
139435582,"{'category': 'company', 'datetime': 1773753287, 'headline': 'Apple (AAPL) Valuation Check As MacBook Neo Launches And China App Store Changes Reshape Expectations', 'id': 139435582, 'image': 'https://s.yimg.com/rz/stage/p/yahoo_finance_en-US_h_p_finance_2.png', 'related': 'AAPL', 'source': 'Yahoo', 'summary': 'Apple (AAPL) has just reshaped its hardware lineup with the low priced MacBook Neo, upgraded MacBook Pro chips, and the new AirPods Max 2, while simultaneously cutting App Store commissions in China under regulatory pressure. See our latest analysis for Apple. Despite a 1 day share price return of 1.08% to US$252.82, Apple’s recent 90 day share price return of 7.93% and year to date share price return of 6.71% signal cooling momentum, even as 1 year total shareholder return of 18.66% and 5...', 'url': 'https://finnhub.io/api/news?id=5834a20e3934734b0fa0313ba524ce2bbd18d83dbb720005225d2886ef1ab8e7'}",1773753287,news,finnhub_news,Yahoo,"Apple (AAPL) Valuation Check As MacBook Neo Launches And China App Store Changes Reshape Expectations Apple (AAPL) has just reshaped its hardware lineup with the low priced MacBook Neo, upgraded MacBook Pro chips, and the new AirPods Max 2, while simultaneously cutting App Store commissions in China under regulatory pressure. See our latest analysis for Apple. Despite a 1 day share price return of 1.08% to US$252.82, Apple’s recent 90 day share price return of 7.93% and year to date share price return of 6.71% signal cooling momentum, even as 1 year total shareholder return of 18.66% and 5...",AAPL,Apple (AAPL) Valuation Check As MacBook Neo Launches And China App Store Changes Reshape Expectations,https://finnhub.io/api/news?id=5834a20e3934734b0fa0313ba524ce2bbd18d83dbb720005225d2886ef1ab8e7
139435584,"{'category': 'company', 'datetime': 1773752400, 'headline': 'West Coast Powers Record Year for U.S. Investment in Ireland Despite Global Decline in Foreign Direct Investment', 'id': 139435584, 'image': 'https://s.yimg.com/rz/stage/p/yahoo_finance_en-US_h_p_finance_2.png', 'related': 'AAPL', 'source': 'Yahoo', 'summary': 'PALO ALTO, March 17, 2026--Today, IDA Ireland, the foreign direct investment (FDI) arm of the Irish government, announced that more than 270 companies headquartered in the Western U.S. are partnering with IDA Ireland to grow their European footprint. These partnerships, which include leading innovation brands like Apple, Workday, Anthropic, and Proofpoint, contribute to the 1,000+ operations and 218,000 jobs provided by U.S. businesses in Ireland.', 'url': 'https://finnhub.io/api/news?id=1fa0f8e06dfe42c8c46adc9d9b380fe40b285ce34fb6a845ef2663f1eb3e6870'}",1773752400,news,finnhub_news,Yahoo,"West Coast Powers Record Year for U.S. Investment in Ireland Despite Global Decline in Foreign Direct Investment PALO ALTO, March 17, 2026--Today, IDA Ireland, the foreign direct investment (FDI) arm of the Irish government, announced that more than 270 companies headquartered in the Western U.S. are partnering with IDA Ireland to grow their European footprint. These partnerships, which include leading innovation brands like Apple, Workday, Anthropic, and Proofpoint, contribute to the 1,000+ operations and 218,000 jobs provided by U.S. businesses in Ireland.",AAPL,West Coast Powers Record Year for U.S. Investment in Ireland Despite Global Decline in Foreign Direct Investment,https://finnhub.io/api/news?id=1fa0f8e06dfe42c8c46adc9d9b380fe40b285ce34fb6a845ef2663f1eb3e6870
139435583,"{'category': 'company', 'datetime': 1773752400, 'headline': 'Out of Home Advertising Revenue Reaches Record $9.46 Billion', 'id': 139435583, 'image': 'https://s.yimg.com/rz/stage/p/yahoo_finance_en-US_h_p_finance_2.png', 'related': 'AAPL', 'source': 'Yahoo', 'summary': '19 Consecutive Quarters of Growth Underscore OOH’s Expanding Role in the Modern Media Mix as Apple, Morgan & Morgan, and Vivint top the list of OOH advertisersWASHINGTON, March 17, 2026 (GLOBE NEWSWIRE) -- Out of home (OOH) advertising revenue reached a record $9.46 billion in 2025, marking 3.6% year-over-year growth and extending the industry’s growth to 19 consecutive quarters, according to newly released data from the Out of Home Advertising Association of America (OAAA). Momentum accelerated', 'url': 'https://finnhub.io/api/news?id=00e572814bf0d704fb7255ceceec4d1084ae21b43ce151bd3d014ab1cd25fde2'}",1773752400,news,finnhub_news,Yahoo,"Out of Home Advertising Revenue Reaches Record $9.46 Billion 19 Consecutive Quarters of Growth Underscore OOH’s Expanding Role in the Modern Media Mix as Apple, Morgan & Morgan, and Vivint top the list of OOH advertisersWASHINGTON, March 17, 2026 (GLOBE NEWSWIRE) -- Out of home (OOH) advertising revenue reached a record $9.46 billion in 2025, marking 3.6% year-over-year growth and extending the industry’s growth to 19 consecutive quarters, according to newly released data from the Out of Home Advertising Association of America (OAAA). Momentum accelerated",AAPL,Out of Home Advertising Revenue Reaches Record $9.46 Billion,https://finnhub.io/api/news?id=00e572814bf0d704fb7255ceceec4d1084ae21b43ce151bd3d014ab1cd25fde2
139451830,"{'category': 'company', 'datetime': 1773752291, 'headline': ""Apple Stock Is Climbing: What's Happening Today?"", 'id': 139451830, 'image': 'https://cdn.benzinga.com/files/images/story/2026/03/17/Beijing--China---July-21--2023-Apple-Log.jpeg?width=2048&height=1536', 'related': 'AAPL', 'source': 'Benzinga', 'summary': 'Apple Inc (NASDAQ:AAPL) shares are trading higher on Tuesday after CEO Tim Cook dismissed retirement speculation on Good Morning America.', 'url': 'https://finnhub.io/api/news?id=f2ccd4e36fff7ccd67bb784126b7fc6f5b14cbffc646dbd5cf83d4ef22eb5270'}",1773752291,news,finnhub_news,Benzinga,Apple Stock Is Climbing: What's Happening Today? Apple Inc (NASDAQ:AAPL) shares are trading higher on Tuesday after CEO Tim Cook dismissed retirement speculation on Good Morning America.,AAPL,Apple Stock Is Climbing: What's Happening Today?,https://finnhub.io/api/news?id=f2ccd4e36fff7ccd67bb784126b7fc6f5b14cbffc646dbd5cf83d4ef22eb5270
139435585,"{'category': 'company', 'datetime': 1773751333, 'headline': 'Apple (AAPL) Launches New MacBook Lineup with M5 Chips, Evercore Reaffirms Outperform', 'id': 139435585, 'image': 'https://s.yimg.com/rz/stage/p/yahoo_finance_en-US_h_p_finance_2.png', 'related': 'AAPL', 'source': 'Yahoo', 'summary': 'Apple Inc. (NASDAQ:AAPL) ranks among the best FAANG+ stocks to invest in right now. Evercore ISI reaffirmed an Outperform rating and $330 price target for Apple Inc. (NASDAQ:AAPL) on March 5 in response to the company’s revamped MacBook product range, which includes the $599 MacBook Neo. The new lineup comes with the latest M5 chips, […]', 'url': 'https://finnhub.io/api/news?id=0ff09971666f801d459cfb7d684d25fefd8cacd47fbf337403f005967fe585e1'}",1773751333,news,finnhub_news,Yahoo,"Apple (AAPL) Launches New MacBook Lineup with M5 Chips, Evercore Reaffirms Outperform Apple Inc. (NASDAQ:AAPL) ranks among the best FAANG+ stocks to invest in right now. Evercore ISI reaffirmed an Outperform rating and $330 price target for Apple Inc. (NASDAQ:AAPL) on March 5 in response to the company’s revamped MacBook product range, which includes the $599 MacBook Neo. The new lineup comes with the latest M5 chips, […]",AAPL,"Apple (AAPL) Launches New MacBook Lineup with M5 Chips, Evercore Reaffirms Outperform",https://finnhub.io/api/news?id=0ff09971666f801d459cfb7d684d25fefd8cacd47fbf337403f005967fe585e1
139435586,"{'category': 'company', 'datetime': 1773748800, 'headline': 'Jamf Earns Spot on G2’s 2026 Best Software Awards Ranking #23 on the Best Software for Enterprise Businesses List', 'id': 139435586, 'image': 'https://s.yimg.com/rz/stage/p/yahoo_finance_en-US_h_p_finance_2.png', 'related': 'AAPL', 'source': 'Yahoo', 'summary': 'MINNEAPOLIS, March 17, 2026--Jamf, the standard in managing and securing Apple at work, today announced it has been named on G2’s 2026 Best Software Awards, ranking #23 on the Best Software for Enterprise Businesses list.', 'url': 'https://finnhub.io/api/news?id=779041c1cdb35d8ee763ffdc4485b2168c8d7344251f6373a6b97b02afa50be1'}",1773748800,news,finnhub_news,Yahoo,"Jamf Earns Spot on G2’s 2026 Best Software Awards Ranking #23 on the Best Software for Enterprise Businesses List MINNEAPOLIS, March 17, 2026--Jamf, the standard in managing and securing Apple at work, today announced it has been named on G2’s 2026 Best Software Awards, ranking #23 on the Best Software for Enterprise Businesses list.",AAPL,Jamf Earns Spot on G2’s 2026 Best Software Awards Ranking #23 on the Best Software for Enterprise Businesses List,https://finnhub.io/api/news?id=779041c1cdb35d8ee763ffdc4485b2168c8d7344251f6373a6b97b02afa50be1
139449978,"{'category': 'company', 'datetime': 1773746985, 'headline': ""Apple's 46% Land Grab: The North American Foldable Showdown Begins In H2 2026"", 'id': 139449978, 'image': 'https://cdn.benzinga.com/files/images/story/2026/03/17/Tim-Cook--Chief-Executive-Officer-Of-App.jpeg?width=2048&height=1536', 'related': 'AAPL', 'source': 'Benzinga', 'summary': 'Apple&#39;s foldable iPhone could capture 46% share in North America, triggering a major competitive shift among Samsung, Google and Motorola.', 'url': 'https://finnhub.io/api/news?id=41e5e1fd22598bd1e35ac2e6946e2bf06533a52dcd91b70b2139cb3e467846bc'}",1773746985,news,finnhub_news,Benzinga,"Apple's 46% Land Grab: The North American Foldable Showdown Begins In H2 2026 Apple&#39;s foldable iPhone could capture 46% share in North America, triggering a major competitive shift among Samsung, Google and Motorola.",AAPL,Apple's 46% Land Grab: The North American Foldable Showdown Begins In H2 2026,https://finnhub.io/api/news?id=41e5e1fd22598bd1e35ac2e6946e2bf06533a52dcd91b70b2139cb3e467846bc
139449979,"{'category': 'company', 'datetime': 1773746838, 'headline': 'Sell-The-News Reaction To Nvidia GTC;  AI In Space; Upcoming Micron Earnings', 'id': 139449979, 'image': '', 'related': 'AAPL', 'source': 'Benzinga', 'summary': '\n\n\n\nSell The News Reaction\n\n\n', 'url': 'https://finnhub.io/api/news?id=c2d13d7ddc93fc1c1e94fa3ab7c9e770d92ec4a5c9dc4b4f84f1f24b92f538f3'}",1773746838,news,finnhub_news,Benzinga,Sell-The-News Reaction To Nvidia GTC; AI In Space; Upcoming Micron Earnings Sell The News Reaction,AAPL,Sell-The-News Reaction To Nvidia GTC;  AI In Space; Upcoming Micron Earnings,https://finnhub.io/api/news?id=c2d13d7ddc93fc1c1e94fa3ab7c9e770d92ec4a5c9dc4b4f84f1f24b92f538f3
139451833,"{'category': 'company', 'datetime': 1773746209, 'headline': '""Tim Cook Squashes Retirement Rumors, Says He \'Can\'t Imagine Life Without Apple\'"" - CNBC', 'id': 139451833, 'image': '', 'related': 'AAPL', 'source': 'Benzinga', 'summary': 'https://www.cnbc.com/2026/03/17/apple-ceo-tim-cook-retire-rumors-gma.html?taid=69b970094a803c0001d6fa64&amp;utm_campaign=trueanthem&amp;utm_content=main&amp;utm_medium=social&amp;utm_source=twitter', 'url': 'https://finnhub.io/api/news?id=b7f1f10a10c3befd4da46919818fe5a730212f81db5fb373e7cdf106a4ffd0bc'}",1773746209,news,finnhub_news,Benzinga,"""Tim Cook Squashes Retirement Rumors, Says He 'Can't Imagine Life Without Apple'"" - CNBC https://www.cnbc.com/2026/03/17/apple-ceo-tim-cook-retire-rumors-gma.html?taid=69b970094a803c0001d6fa64&amp;utm_campaign=trueanthem&amp;utm_content=main&amp;utm_medium=social&amp;utm_source=twitter",AAPL,"""Tim Cook Squashes Retirement Rumors, Says He 'Can't Imagine Life Without Apple'"" - CNBC",https://finnhub.io/api/news?id=b7f1f10a10c3befd4da46919818fe5a730212f81db5fb373e7cdf106a4ffd0bc
139438387,"{'category': 'company', 'datetime': 1773745262, 'headline': ""Tim Cook squashes retirement rumors, says he 'can't imagine life without Apple'"", 'id': 139438387, 'image': 'https://image.cnbcfm.com/api/v1/image/108257566-1769524908735-gettyimages-2256932535-AFP_93L849E.jpeg?v=1773762797&w=1920&h=1080', 'related': 'AAPL', 'source': 'CNBC', 'summary': ""Apple CEO Tim Cook's 'Good Morning America' comments follow a recent executive shake-up and renewed questions about the company's strategy for AI."", 'url': 'https://finnhub.io/api/news?id=c25988f6afa7c51a012deec74f51e615b4038da924e755a0bcc6cf95c705ef7b'}",1773745262,news,finnhub_news,CNBC,"Tim Cook squashes retirement rumors, says he 'can't imagine life without Apple' Apple CEO Tim Cook's 'Good Morning America' comments follow a recent executive shake-up and renewed questions about the company's strategy for AI.",AAPL,"Tim Cook squashes retirement rumors, says he 'can't imagine life without Apple'",https://finnhub.io/api/news?id=c25988f6afa7c51a012deec74f51e615b4038da924e755a0bcc6cf95c705ef7b
139437504,"{'category': 'company', 'datetime': 1773745200, 'headline': 'Wall Street Lunch: Nvidia Expands Agentic AI Push With OpenClaw Creator', 'id': 139437504, 'image': 'https://static.seekingalpha.com/cdn/s3/uploads/getty_images/1412721464/image_1412721464.jpg?io=getty-c-w1536', 'related': 'AAPL', 'source': 'SeekingAlpha', 'summary': 'Nvidia (NVDA) has teamed up with OpenClaw creator to launch NemoClaw, a framework designed to pair OpenClawâ\x80\x99s agent-building capabilities with Nvidiaâ\x80\x99s enterprise-grade privacy controls.', 'url': 'https://finnhub.io/api/news?id=283ef430dff29c97ad1e081d463cd2060480d55115b537ab7d9e3810f41d5819'}",1773745200,news,finnhub_news,SeekingAlpha,"Wall Street Lunch: Nvidia Expands Agentic AI Push With OpenClaw Creator Nvidia (NVDA) has teamed up with OpenClaw creator to launch NemoClaw, a framework designed to pair OpenClawâs agent-building capabilities with Nvidiaâs enterprise-grade privacy controls.",AAPL,Wall Street Lunch: Nvidia Expands Agentic AI Push With OpenClaw Creator,https://finnhub.io/api/news?id=283ef430dff29c97ad1e081d463cd2060480d55115b537ab7d9e3810f41d5819
139434449,"{'category': 'company', 'datetime': 1773743460, 'headline': 'Big Tech’s Huge Conglomerate Premium', 'id': 139434449, 'image': 'https://s.yimg.com/rz/stage/p/yahoo_finance_en-US_h_p_finance_2.png', 'related': 'AAPL', 'source': 'Yahoo', 'summary': 'Remember when Jack Welch brought good things to life?  During their 1960s heyday, conglomerates were even hotter and they took advantage by using their lofty stock prices to buy hundreds of often unrelated businesses.  “It’s the smart thing to do,” says Que Nguyen, chief investment officer for equity strategies at Research Affiliates.', 'url': 'https://finnhub.io/api/news?id=afb89ed16adee47dc1d48eb00ef767775b28d8f893aab8caa298b7bcab7d37b3'}",1773743460,news,finnhub_news,Yahoo,"Big Tech’s Huge Conglomerate Premium Remember when Jack Welch brought good things to life? During their 1960s heyday, conglomerates were even hotter and they took advantage by using their lofty stock prices to buy hundreds of often unrelated businesses. “It’s the smart thing to do,” says Que Nguyen, chief investment officer for equity strategies at Research Affiliates.",AAPL,Big Tech’s Huge Conglomerate Premium,https://finnhub.io/api/news?id=afb89ed16adee47dc1d48eb00ef767775b28d8f893aab8caa298b7bcab7d37b3
139434450,"{'category': 'company', 'datetime': 1773743375, 'headline': 'Buenos Aires Court Orders Polymarket Blocked in Argentina', 'id': 139434450, 'image': 'https://s.yimg.com/rz/stage/p/yahoo_finance_en-US_h_p_finance_2.png', 'related': 'AAPL', 'source': 'Yahoo', 'summary': 'The ban is the latest legal setback for prediction markets, which are facing regulatory pushback around the world.', 'url': 'https://finnhub.io/api/news?id=2162f68cb2d8c945ee8d356e09bb0f3bb75562cc5d38176835a5ca423b300b09'}",1773743375,news,finnhub_news,Yahoo,"Buenos Aires Court Orders Polymarket Blocked in Argentina The ban is the latest legal setback for prediction markets, which are facing regulatory pushback around the world.",AAPL,Buenos Aires Court Orders Polymarket Blocked in Argentina,https://finnhub.io/api/news?id=2162f68cb2d8c945ee8d356e09bb0f3bb75562cc5d38176835a5ca423b300b09
139438381,"{'category': 'company', 'datetime': 1773742961, 'headline': 'European markets need to get their act together, CEO of Norway’s $2 trillion wealth fund says. ‘The winner takes it all’ ', 'id': 139438381, 'image': 'https://image.cnbcfm.com/api/v1/image/108278877-1773752864426-gettyimages-2242000077-NORWAY_CLIMATE.jpeg?v=1773752901&w=1920&h=1080', 'related': 'AAPL', 'source': 'CNBC', 'summary': 'Nicolai Tangen, CEO of Norges Bank Investment Management, warned Europe is facing a crisis and that “it is time to act.”', 'url': 'https://finnhub.io/api/news?id=0748e9049beaef16e86940884f53978bd4f98de691eaac57e1e7c9be70ff405a'}",1773742961,news,finnhub_news,CNBC,"European markets need to get their act together, CEO of Norway’s $2 trillion wealth fund says. ‘The winner takes it all’ Nicolai Tangen, CEO of Norges Bank Investment Management, warned Europe is facing a crisis and that “it is time to act.”",AAPL,"European markets need to get their act together, CEO of Norway’s $2 trillion wealth fund says. ‘The winner takes it all’ ",https://finnhub.io/api/news?id=0748e9049beaef16e86940884f53978bd4f98de691eaac57e1e7c9be70ff405a
139434451,"{'category': 'company', 'datetime': 1773738000, 'headline': 'The Invisible Metals Powering a Trillion-Dollar Economy', 'id': 139434451, 'image': 'https://s.yimg.com/rz/stage/p/yahoo_finance_en-US_h_p_finance_2.png', 'related': 'AAPL', 'source': 'Yahoo', 'summary': 'America’s advanced weapons systems and multi-trillion-dollar civilian technology sectors depend on rare-earth magnet supply chains long dominated by China, prompting a strategic push to restore domestic metallization capacity.', 'url': 'https://finnhub.io/api/news?id=48c91d16f7b17eca6d90e6632dcc332b9d36aee93c0416aac53ebe1c755cc1c1'}",1773738000,news,finnhub_news,Yahoo,"The Invisible Metals Powering a Trillion-Dollar Economy America’s advanced weapons systems and multi-trillion-dollar civilian technology sectors depend on rare-earth magnet supply chains long dominated by China, prompting a strategic push to restore domestic metallization capacity.",AAPL,The Invisible Metals Powering a Trillion-Dollar Economy,https://finnhub.io/api/news?id=48c91d16f7b17eca6d90e6632dcc332b9d36aee93c0416aac53ebe1c755cc1c1
139433140,"{'category': 'company', 'datetime': 1773731978, 'headline': 'Palantir Stock (PLTR) Surges 460% in Five Years. Why I’m Bearish', 'id': 139433140, 'image': 'https://s.yimg.com/rz/stage/p/yahoo_finance_en-US_h_p_finance_2.png', 'related': 'AAPL', 'source': 'Yahoo', 'summary': 'Palantir Technologies (PLTR) stock has surged more than 460% over the past five years, making it one of the biggest winners of the artificial intelligence (AI) boom. The global leader in breakthrough AI software has had a stellar run. However, this run has pushed the company’s valuation into expensive territory, with the stock now trading at roughly 114x forward earnings. At the same time, co-founder Peter Thiel recently filed to sell about $280 million worth of shares, adding to insider selling', 'url': 'https://finnhub.io/api/news?id=44fde4bce5c20f4a0a65c1440844c0d86eaa6ffe65db910abc3dda6185e8d9a2'}",1773731978,news,finnhub_news,Yahoo,"Palantir Stock (PLTR) Surges 460% in Five Years. Why I’m Bearish Palantir Technologies (PLTR) stock has surged more than 460% over the past five years, making it one of the biggest winners of the artificial intelligence (AI) boom. The global leader in breakthrough AI software has had a stellar run. However, this run has pushed the company’s valuation into expensive territory, with the stock now trading at roughly 114x forward earnings. At the same time, co-founder Peter Thiel recently filed to sell about $280 million worth of shares, adding to insider selling",AAPL,Palantir Stock (PLTR) Surges 460% in Five Years. Why I’m Bearish,https://finnhub.io/api/news?id=44fde4bce5c20f4a0a65c1440844c0d86eaa6ffe65db910abc3dda6185e8d9a2
139433152,"{'category': 'company', 'datetime': 1773731375, 'headline': 'Is It Time To Reassess Apple (AAPL) After Recent Share Price Weakness?', 'id': 139433152, 'image': 'https://s.yimg.com/rz/stage/p/yahoo_finance_en-US_h_p_finance_2.png', 'related': 'AAPL', 'source': 'Yahoo', 'summary': 'Wondering whether Apple at a recent price of US$252.82 is giving you a fair deal or asking too much for its future? This article walks through what the current market price might be implying. Over the past week Apple saw a 2.7% decline, while the 30-day return is a 1.2% decline. The year-to-date return is a 6.7% decline, but the 1-year, 3-year and 5-year returns stand at 18.7%, 62.9% and 110.4% respectively, which can change how you think about timing and risk. Recent headlines have focused...', 'url': 'https://finnhub.io/api/news?id=f8e779c1583efa23997454a56f9447d265b7996dc8b19cb3d084207a2da86200'}",1773731375,news,finnhub_news,Yahoo,"Is It Time To Reassess Apple (AAPL) After Recent Share Price Weakness? Wondering whether Apple at a recent price of US$252.82 is giving you a fair deal or asking too much for its future? This article walks through what the current market price might be implying. Over the past week Apple saw a 2.7% decline, while the 30-day return is a 1.2% decline. The year-to-date return is a 6.7% decline, but the 1-year, 3-year and 5-year returns stand at 18.7%, 62.9% and 110.4% respectively, which can change how you think about timing and risk. Recent headlines have focused...",AAPL,Is It Time To Reassess Apple (AAPL) After Recent Share Price Weakness?,https://finnhub.io/api/news?id=f8e779c1583efa23997454a56f9447d265b7996dc8b19cb3d084207a2da86200
139433846,"{'category': 'company', 'datetime': 1773730920, 'headline': 'Boards protected CEO bonuses as tariffs threatened business. Now, as Iran disrupts trade, CEOs may get more protection', 'id': 139433846, 'image': 'https://s.yimg.com/rz/stage/p/yahoo_finance_en-US_h_p_finance_2.png', 'related': 'AAPL', 'source': 'Yahoo', 'summary': 'An exclusive analysis of 50 companies found CEOs in the lowest-performing tier still collected 87% of their target bonuses last year—and boards may start adding more comp safety nets to protect from Iran economic impact.', 'url': 'https://finnhub.io/api/news?id=56d7ae12df6a63542db7ddf100cf5f96dcf7fcd1e4bbaea63606bd945bc3e0c6'}",1773730920,news,finnhub_news,Yahoo,"Boards protected CEO bonuses as tariffs threatened business. Now, as Iran disrupts trade, CEOs may get more protection An exclusive analysis of 50 companies found CEOs in the lowest-performing tier still collected 87% of their target bonuses last year—and boards may start adding more comp safety nets to protect from Iran economic impact.",AAPL,"Boards protected CEO bonuses as tariffs threatened business. Now, as Iran disrupts trade, CEOs may get more protection",https://finnhub.io/api/news?id=56d7ae12df6a63542db7ddf100cf5f96dcf7fcd1e4bbaea63606bd945bc3e0c6
139433146,"{'category': 'company', 'datetime': 1773730275, 'headline': 'Can ""Sovereign AI"" Buffer Nvidia Against a Potential Hyperscaler Slowdown?', 'id': 139433146, 'image': 'https://s.yimg.com/rz/stage/p/yahoo_finance_en-US_h_p_finance_2.png', 'related': 'AAPL', 'source': 'Yahoo', 'summary': 'Over the past few years, the AI boom has been driven largely by spending by a handful of hyperscalers - Microsoft, Amazon, Alphabet, and Meta Platforms. Together these companies are expected to spend over $500 billion in capex this year, with a significant portion flowing to Nvidia.', 'url': 'https://finnhub.io/api/news?id=f4a938b937b28283a35da79b540e91d46f9165d45f5b39609cb5b0f61c08c5b2'}",1773730275,news,finnhub_news,Yahoo,"Can ""Sovereign AI"" Buffer Nvidia Against a Potential Hyperscaler Slowdown? Over the past few years, the AI boom has been driven largely by spending by a handful of hyperscalers - Microsoft, Amazon, Alphabet, and Meta Platforms. Together these companies are expected to spend over $500 billion in capex this year, with a significant portion flowing to Nvidia.",AAPL,"Can ""Sovereign AI"" Buffer Nvidia Against a Potential Hyperscaler Slowdown?",https://finnhub.io/api/news?id=f4a938b937b28283a35da79b540e91d46f9165d45f5b39609cb5b0f61c08c5b2
139435924,"{'category': 'company', 'datetime': 1773727340, 'headline': 'Samsung Stock Jumps As Nvidia CEO Jensen Huang Confirms New AI Chip Production Deal', 'id': 139435924, 'image': 'https://cdn.benzinga.com/files/images/story/2026/03/17/3d-Letter-Samsung-In-High-Technology.jpeg?width=2048&height=1536', 'related': 'AAPL', 'source': 'Benzinga', 'summary': 'Shares of Samsung Electronics \xa0(OTC:SSNLF) surged in Seoul after Nvidia (NASDAQ: NVDA) CEO Jensen Huang disclosed that the South Korean giant has been selected to manufacture its latest AI chips.', 'url': 'https://finnhub.io/api/news?id=484ff92fc4e6e5fbb0b72aa75d6b1f1534e7faebd422363096b7b3d1c6fbdd1d'}",1773727340,news,finnhub_news,Benzinga,Samsung Stock Jumps As Nvidia CEO Jensen Huang Confirms New AI Chip Production Deal Shares of Samsung Electronics (OTC:SSNLF) surged in Seoul after Nvidia (NASDAQ: NVDA) CEO Jensen Huang disclosed that the South Korean giant has been selected to manufacture its latest AI chips.,AAPL,Samsung Stock Jumps As Nvidia CEO Jensen Huang Confirms New AI Chip Production Deal,https://finnhub.io/api/news?id=484ff92fc4e6e5fbb0b72aa75d6b1f1534e7faebd422363096b7b3d1c6fbdd1d
139436378,"{'category': 'company', 'datetime': 1773723813, 'headline': 'Crypto Prediction Platform Polymarket Blocked In Argentina For Facilitating Unauthorized Betting: Report', 'id': 139436378, 'image': 'https://cdn.benzinga.com/files/images/story/2026/03/17/Denver--Colorado---June-18-2025-Polymark.jpeg?width=2048&height=1536', 'related': 'AAPL', 'source': 'Benzinga', 'summary': 'An Argentinian court ordered a nationwide block of betting market platform Polymarket on Monday and instructed Alphabet Inc.‘s (NASDAQ:GOOG) ', 'url': 'https://finnhub.io/api/news?id=eb432d24f2c45b5b05caab51398fbd83c703bc6597b2e583720ee075cf071be4'}",1773723813,news,finnhub_news,Benzinga,Crypto Prediction Platform Polymarket Blocked In Argentina For Facilitating Unauthorized Betting: Report An Argentinian court ordered a nationwide block of betting market platform Polymarket on Monday and instructed Alphabet Inc.‘s (NASDAQ:GOOG),AAPL,Crypto Prediction Platform Polymarket Blocked In Argentina For Facilitating Unauthorized Betting: Report,https://finnhub.io/api/news?id=eb432d24f2c45b5b05caab51398fbd83c703bc6597b2e583720ee075cf071be4
139431939,"{'category': 'company', 'datetime': 1773699601, 'headline': ""Samsung shares rise after Nvidia's Huang flags tie-up on new AI chips"", 'id': 139431939, 'image': 'https://s.yimg.com/rz/stage/p/yahoo_finance_en-US_h_p_finance_2.png', 'related': 'AAPL', 'source': 'Yahoo', 'summary': ""Shares of Samsung Electronics rose as much as 5% on Tuesday after Nvidia CEO \u200cJensen Huang said the South Korean company was producing \u200cNvidia's new artificial intelligence chips.  The news fuelled expectations that Samsung's foundry division, which makes \u200blogic chips for customers including Tesla , Apple and Samsung's phone division, may be able to turn around as early as next year after posting billions of dollars in annual losses in recent years, analysts \u200csaid.  At Nvidia's GTC developer \u2060conference in California on Monday, Huang unveiled Nvidia's new AI inference processor based on technology from chip \u2060startup Groq."", 'url': 'https://finnhub.io/api/news?id=4959fe69caa9fc0f2b6b1feeb7683d5ca70604a83f2140cdd48ff38d1598df2e'}",1773699601,news,finnhub_news,Yahoo,"Samsung shares rise after Nvidia's Huang flags tie-up on new AI chips Shares of Samsung Electronics rose as much as 5% on Tuesday after Nvidia CEO ‌Jensen Huang said the South Korean company was producing ‌Nvidia's new artificial intelligence chips. The news fuelled expectations that Samsung's foundry division, which makes ​logic chips for customers including Tesla , Apple and Samsung's phone division, may be able to turn around as early as next year after posting billions of dollars in annual losses in recent years, analysts ‌said. At Nvidia's GTC developer ⁠conference in California on Monday, Huang unveiled Nvidia's new AI inference processor based on technology from chip ⁠startup Groq.",AAPL,Samsung shares rise after Nvidia's Huang flags tie-up on new AI chips,https://finnhub.io/api/news?id=4959fe69caa9fc0f2b6b1feeb7683d5ca70604a83f2140cdd48ff38d1598df2e
139430691,"{'category': 'company', 'datetime': 1773696214, 'headline': 'GTC: 4 Takeaways From Keynote', 'id': 139430691, 'image': 'https://s.yimg.com/rz/stage/p/yahoo_finance_en-US_h_p_finance_2.png', 'related': 'AAPL', 'source': 'Yahoo', 'summary': 'Last year at GTC, Nvidia CEO Jensen Huang predicted that Nvidia’s data center hardware would earn the company a half-trillion dollars in 2025 and 2026.  In the last 12 months, the data center segment has had sales of $192 billion, up 66% from the previous period.  Huang’s 140-minute presentation began with a discussion of CUDA, free software that comes with Nvidia’s expensive hardware.', 'url': 'https://finnhub.io/api/news?id=6e2a31f2771e9e7976ed63f4f104ae68397f2c1481f080b1875dfc66cfe3f20c'}",1773696214,news,finnhub_news,Yahoo,"GTC: 4 Takeaways From Keynote Last year at GTC, Nvidia CEO Jensen Huang predicted that Nvidia’s data center hardware would earn the company a half-trillion dollars in 2025 and 2026. In the last 12 months, the data center segment has had sales of $192 billion, up 66% from the previous period. Huang’s 140-minute presentation began with a discussion of CUDA, free software that comes with Nvidia’s expensive hardware.",AAPL,GTC: 4 Takeaways From Keynote,https://finnhub.io/api/news?id=6e2a31f2771e9e7976ed63f4f104ae68397f2c1481f080b1875dfc66cfe3f20c
139425563,"{'category': 'company', 'datetime': 1773690300, 'headline': 'Better Stock to Buy Right Now: Amazon vs. Apple', 'id': 139425563, 'image': 'https://s.yimg.com/rz/stage/p/yahoo_finance_en-US_h_p_finance_2.png', 'related': 'AAPL', 'source': 'Yahoo', 'summary': 'Both of these technology heavyweights have valid investment cases.', 'url': 'https://finnhub.io/api/news?id=63a9d1688c831864938b4f237411202808b37b0a41d24c40751ba3d3f3994407'}",1773690300,news,finnhub_news,Yahoo,Better Stock to Buy Right Now: Amazon vs. Apple Both of these technology heavyweights have valid investment cases.,AAPL,Better Stock to Buy Right Now: Amazon vs. Apple,https://finnhub.io/api/news?id=63a9d1688c831864938b4f237411202808b37b0a41d24c40751ba3d3f3994407
139425564,"{'category': 'company', 'datetime': 1773690025, 'headline': 'NVIDIA Leads Magnificent 7 Stocks in March while Apple and Tesla Slide', 'id': 139425564, 'image': 'https://s.yimg.com/rz/stage/p/yahoo_finance_en-US_h_p_finance_2.png', 'related': 'AAPL', 'source': 'Yahoo', 'summary': '2026 has been a poor year for Magnificent 7 stocks so far. At the close of Friday, only two Magnificent 7 stocks are up so far in February with Meta Platforms (Nasdaq: META) and Apple (Nasdaq: AAPL) being down more than 5% month-to-date. Stocks in the Magnificent 7 aren’t alone in struggling so far in ... NVIDIA Leads Magnificent 7 Stocks in March while Apple and Tesla Slide', 'url': 'https://finnhub.io/api/news?id=918b3d24fb537eb3c4b96958f23d452ac1b83717aceeea623954eebdf852f9ba'}",1773690025,news,finnhub_news,Yahoo,"NVIDIA Leads Magnificent 7 Stocks in March while Apple and Tesla Slide 2026 has been a poor year for Magnificent 7 stocks so far. At the close of Friday, only two Magnificent 7 stocks are up so far in February with Meta Platforms (Nasdaq: META) and Apple (Nasdaq: AAPL) being down more than 5% month-to-date. Stocks in the Magnificent 7 aren’t alone in struggling so far in ... NVIDIA Leads Magnificent 7 Stocks in March while Apple and Tesla Slide",AAPL,NVIDIA Leads Magnificent 7 Stocks in March while Apple and Tesla Slide,https://finnhub.io/api/news?id=918b3d24fb537eb3c4b96958f23d452ac1b83717aceeea623954eebdf852f9ba
139425586,"{'category': 'company', 'datetime': 1773689321, 'headline': 'Apple Stock Climbs After Launch of Enhanced AirPods Max Model', 'id': 139425586, 'image': 'https://s.yimg.com/rz/stage/p/yahoo_finance_en-US_h_p_finance_2.png', 'related': 'AAPL', 'source': 'Yahoo', 'summary': 'Apple Unveils Upgraded AirPods Max With Live Translation Feature', 'url': 'https://finnhub.io/api/news?id=bec2e95dd7712856ee98277f05e985101eacc2be33a82d1a93d97a423151b550'}",1773689321,news,finnhub_news,Yahoo,Apple Stock Climbs After Launch of Enhanced AirPods Max Model Apple Unveils Upgraded AirPods Max With Live Translation Feature,AAPL,Apple Stock Climbs After Launch of Enhanced AirPods Max Model,https://finnhub.io/api/news?id=bec2e95dd7712856ee98277f05e985101eacc2be33a82d1a93d97a423151b550
139425587,"{'category': 'company', 'datetime': 1773689024, 'headline': 'Apple acquires video editing software company MotionVFX', 'id': 139425587, 'image': 'https://s.yimg.com/rz/stage/p/yahoo_finance_en-US_h_p_finance_2.png', 'related': 'AAPL', 'source': 'Yahoo', 'summary': 'The move could help Apple better compete with Adobe Premiere Pro, and the Adobe Creative Cloud suite.', 'url': 'https://finnhub.io/api/news?id=70d5278e17b86076585236ba0b3c1a02aaf96f9ead35fcc798ede36f46b81e9c'}",1773689024,news,finnhub_news,Yahoo,"Apple acquires video editing software company MotionVFX The move could help Apple better compete with Adobe Premiere Pro, and the Adobe Creative Cloud suite.",AAPL,Apple acquires video editing software company MotionVFX,https://finnhub.io/api/news?id=70d5278e17b86076585236ba0b3c1a02aaf96f9ead35fcc798ede36f46b81e9c
139424940,"{'category': 'company', 'datetime': 1773676805, 'headline': ""Foxconn's AI Boom Meets An Earnings Surprise"", 'id': 139424940, 'image': 'https://s.yimg.com/rz/stage/p/yahoo_finance_en-US_h_p_finance_2.png', 'related': 'AAPL', 'source': 'Yahoo', 'summary': 'Nvidia server demand still driving growth', 'url': 'https://finnhub.io/api/news?id=2ee8340068eb2d69f363c7269306e4fba913ca616fb6084dec1a6c385313d323'}",1773676805,news,finnhub_news,Yahoo,Foxconn's AI Boom Meets An Earnings Surprise Nvidia server demand still driving growth,AAPL,Foxconn's AI Boom Meets An Earnings Surprise,https://finnhub.io/api/news?id=2ee8340068eb2d69f363c7269306e4fba913ca616fb6084dec1a6c385313d323
139425588,"{'category': 'company', 'datetime': 1773676408, 'headline': 'Has Apple Stock Fallen Enough To Look Attractive?', 'id': 139425588, 'image': 'https://s.yimg.com/rz/stage/p/yahoo_finance_en-US_h_p_finance_2.png', 'related': 'AAPL', 'source': 'Yahoo', 'summary': 'Apple stock is down 12% from its recent highs. Is the stock a buy after the correction?', 'url': 'https://finnhub.io/api/news?id=dfd22f5507c5c6f32f63c2ae68fb7312b2ded0f47d19d318055eed65b59a95c7'}",1773676408,news,finnhub_news,Yahoo,Has Apple Stock Fallen Enough To Look Attractive? Apple stock is down 12% from its recent highs. Is the stock a buy after the correction?,AAPL,Has Apple Stock Fallen Enough To Look Attractive?,https://finnhub.io/api/news?id=dfd22f5507c5c6f32f63c2ae68fb7312b2ded0f47d19d318055eed65b59a95c7
139423790,"{'category': 'company', 'datetime': 1773675135, 'headline': 'Qualcomm downgraded to Sell on shrinking smartphone market', 'id': 139423790, 'image': 'https://s.yimg.com/rz/stage/p/yahoo_finance_en-US_h_p_finance_2.png', 'related': 'AAPL', 'source': 'Yahoo', 'summary': 'Investing.com -- Qualcomm, a fabless chip design company focused on mobile and smartphone processors, faces a difficult year as weaker handset demand and rising competition threaten its core market. Seaport analyst downgraded the stock to Sell from Neutral, citing the “incredible shrinking TAM”', 'url': 'https://finnhub.io/api/news?id=d71df6a0fb0e4525b6d031ff64fc7dc49e97ee6227aca1363524427741fc5262'}",1773675135,news,finnhub_news,Yahoo,"Qualcomm downgraded to Sell on shrinking smartphone market Investing.com -- Qualcomm, a fabless chip design company focused on mobile and smartphone processors, faces a difficult year as weaker handset demand and rising competition threaten its core market. Seaport analyst downgraded the stock to Sell from Neutral, citing the “incredible shrinking TAM”",AAPL,Qualcomm downgraded to Sell on shrinking smartphone market,https://finnhub.io/api/news?id=d71df6a0fb0e4525b6d031ff64fc7dc49e97ee6227aca1363524427741fc5262
139423776,"{'category': 'company', 'datetime': 1773673291, 'headline': 'Nvidia Rises As GTC Show Starts, Tech Partner Sees Strong AI Demand. Is Nvidia A Buy Now?', 'id': 139423776, 'image': 'https://s.yimg.com/rz/stage/p/yahoo_finance_en-US_h_p_finance_2.png', 'related': 'AAPL', 'source': 'Yahoo', 'summary': 'Nvidia stock rises Monday as its GTC event 2026 kicks off. Meanwhile, Nvidia partner Foxconn offers an upbeat outlook for the AI market.', 'url': 'https://finnhub.io/api/news?id=50292ef051ededb93ff5f4a10180b85c783ec9ec47165243bea33deaae24b0cd'}",1773673291,news,finnhub_news,Yahoo,"Nvidia Rises As GTC Show Starts, Tech Partner Sees Strong AI Demand. Is Nvidia A Buy Now? Nvidia stock rises Monday as its GTC event 2026 kicks off. Meanwhile, Nvidia partner Foxconn offers an upbeat outlook for the AI market.",AAPL,"Nvidia Rises As GTC Show Starts, Tech Partner Sees Strong AI Demand. Is Nvidia A Buy Now?",https://finnhub.io/api/news?id=50292ef051ededb93ff5f4a10180b85c783ec9ec47165243bea33deaae24b0cd
139423792,"{'category': 'company', 'datetime': 1773672412, 'headline': 'Apple’s 108% Run Up', 'id': 139423792, 'image': 'https://s.yimg.com/rz/stage/p/yahoo_finance_en-US_h_p_finance_2.png', 'related': 'AAPL', 'source': 'Yahoo', 'summary': 'Apple’s (NASDAQ: AAPL) stock is up 108% in the last five years. The S&P is 69% over the same period. It should surprise most people that Amazon (NASDAQ: AMZN) is up only 35% over the same period, given that it is driven by its AWS business and its early foothold in AI. Meta’s (NASDAQ: META) ... Apple’s 108% Run Up', 'url': 'https://finnhub.io/api/news?id=b62739fdb12ef8bab97f6effed93947f4c511ddc2a6dcb47cc67de298767ba4f'}",1773672412,news,finnhub_news,Yahoo,"Apple’s 108% Run Up Apple’s (NASDAQ: AAPL) stock is up 108% in the last five years. The S&P is 69% over the same period. It should surprise most people that Amazon (NASDAQ: AMZN) is up only 35% over the same period, given that it is driven by its AWS business and its early foothold in AI. Meta’s (NASDAQ: META) ... Apple’s 108% Run Up",AAPL,Apple’s 108% Run Up,https://finnhub.io/api/news?id=b62739fdb12ef8bab97f6effed93947f4c511ddc2a6dcb47cc67de298767ba4f
139439636,"{'category': 'company', 'datetime': 1773672028, 'headline': ""Every 'Magnificent Seven' member is higher on Monday"", 'id': 139439636, 'image': '', 'related': 'AAPL', 'source': 'MarketWatch', 'summary': ""Every 'Magnificent Seven' member is higher on Monday"", 'url': 'https://finnhub.io/api/news?id=a1e434666d6158711510d834f3d38f9f5c5c5107b274deec441e4c05e7c3b106'}",1773672028,news,finnhub_news,MarketWatch,Every 'Magnificent Seven' member is higher on Monday Every 'Magnificent Seven' member is higher on Monday,AAPL,Every 'Magnificent Seven' member is higher on Monday,https://finnhub.io/api/news?id=a1e434666d6158711510d834f3d38f9f5c5c5107b274deec441e4c05e7c3b106
139423793,"{'category': 'company', 'datetime': 1773671400, 'headline': 'Micron Stock Jumps Ahead of Earnings. It’s Planning a Huge Increase in Chip Output.', 'id': 139423793, 'image': 'https://s.yimg.com/rz/stage/p/yahoo_finance_en-US_h_p_finance_2.png', 'related': 'AAPL', 'source': 'Yahoo', 'summary': 'Micron stock has surged on the memory-chip shortage. It is investing heavily in Taiwan to boost its manufacturing capacity.', 'url': 'https://finnhub.io/api/news?id=80683758d64c80ba2e8833338acc63ecee85f010b902f2336d7158e0a8adfe54'}",1773671400,news,finnhub_news,Yahoo,Micron Stock Jumps Ahead of Earnings. It’s Planning a Huge Increase in Chip Output. Micron stock has surged on the memory-chip shortage. It is investing heavily in Taiwan to boost its manufacturing capacity.,AAPL,Micron Stock Jumps Ahead of Earnings. It’s Planning a Huge Increase in Chip Output.,https://finnhub.io/api/news?id=80683758d64c80ba2e8833338acc63ecee85f010b902f2336d7158e0a8adfe54
139438389,"{'category': 'company', 'datetime': 1773670264, 'headline': 'Apple acquires video editing company MotionVFX to boost subscribers', 'id': 139438389, 'image': 'https://image.cnbcfm.com/api/v1/image/108219609-1761852505734-gettyimages-2235709336-IPHONE_17_US.jpeg?v=1773697080&w=1920&h=1080', 'related': 'AAPL', 'source': 'CNBC', 'summary': 'Apple is buying MotionVFX in part to help the iPhone maker attract more subscribers to its creator tools.', 'url': 'https://finnhub.io/api/news?id=432cae27ceade3b814fe1be376e1b643a82bee0c32bf17556969876e01079860'}",1773670264,news,finnhub_news,CNBC,Apple acquires video editing company MotionVFX to boost subscribers Apple is buying MotionVFX in part to help the iPhone maker attract more subscribers to its creator tools.,AAPL,Apple acquires video editing company MotionVFX to boost subscribers,https://finnhub.io/api/news?id=432cae27ceade3b814fe1be376e1b643a82bee0c32bf17556969876e01079860
139422309,"{'category': 'company', 'datetime': 1773666908, 'headline': 'Foxconn Profit Drops 2% -- Apple and Nvidia Supplier Warns of Cost Risks', 'id': 139422309, 'image': 'https://s.yimg.com/rz/stage/p/yahoo_finance_en-US_h_p_finance_2.png', 'related': 'AAPL', 'source': 'Yahoo', 'summary': 'Geopolitics Could Lift Costs for Apple, Nvidia Supplier', 'url': 'https://finnhub.io/api/news?id=11c21da8fac11975e0582c79db9735cdcdcaa8f767984f7f74ace0979b8c32ba'}",1773666908,news,finnhub_news,Yahoo,"Foxconn Profit Drops 2% -- Apple and Nvidia Supplier Warns of Cost Risks Geopolitics Could Lift Costs for Apple, Nvidia Supplier",AAPL,Foxconn Profit Drops 2% -- Apple and Nvidia Supplier Warns of Cost Risks,https://finnhub.io/api/news?id=11c21da8fac11975e0582c79db9735cdcdcaa8f767984f7f74ace0979b8c32ba
139422320,"{'category': 'company', 'datetime': 1773666906, 'headline': 'European Energy opens 108MW solar farm in Victoria', 'id': 139422320, 'image': 'https://s.yimg.com/rz/stage/p/yahoo_finance_en-US_h_p_finance_2.png', 'related': 'AAPL', 'source': 'Yahoo', 'summary': 'The solar facility will provide electricity to Apple through a long-term PPA.', 'url': 'https://finnhub.io/api/news?id=392ec8c26331ac0b47cb87e9ea37707a3334de03022878dc74012af08cfbf14f'}",1773666906,news,finnhub_news,Yahoo,European Energy opens 108MW solar farm in Victoria The solar facility will provide electricity to Apple through a long-term PPA.,AAPL,European Energy opens 108MW solar farm in Victoria,https://finnhub.io/api/news?id=392ec8c26331ac0b47cb87e9ea37707a3334de03022878dc74012af08cfbf14f
139422321,"{'category': 'company', 'datetime': 1773666000, 'headline': 'Apple introduces AirPods Max 2', 'id': 139422321, 'image': 'https://s.yimg.com/rz/stage/p/yahoo_finance_en-US_h_p_finance_2.png', 'related': 'AAPL', 'source': 'Yahoo', 'summary': 'CUPERTINO, Calif., March 16, 2026--Apple® today announced AirPods Max® 2, bringing even better Active Noise Cancellation (ANC), elevated sound quality, and intelligent features to the iconic over-ear design. Powered by H2, features like Adaptive Audio, Conversation Awareness, Voice Isolation, and Live Translation come to AirPods Max for the first time. The new AirPods Max also unlock creative possibilities for podcasters, musicians, and content creators, with useful features like studio-quality', 'url': 'https://finnhub.io/api/news?id=08da6b329fd84a963254d74b8a02dc594bda2b163f764697b255b3406dd5ff22'}",1773666000,news,finnhub_news,Yahoo,"Apple introduces AirPods Max 2 CUPERTINO, Calif., March 16, 2026--Apple® today announced AirPods Max® 2, bringing even better Active Noise Cancellation (ANC), elevated sound quality, and intelligent features to the iconic over-ear design. Powered by H2, features like Adaptive Audio, Conversation Awareness, Voice Isolation, and Live Translation come to AirPods Max for the first time. The new AirPods Max also unlock creative possibilities for podcasters, musicians, and content creators, with useful features like studio-quality",AAPL,Apple introduces AirPods Max 2,https://finnhub.io/api/news?id=08da6b329fd84a963254d74b8a02dc594bda2b163f764697b255b3406dd5ff22
139439638,"{'category': 'company', 'datetime': 1773665520, 'headline': 'Qualcomm Gets Another Sell Rating. Why the Stock Could Drop 23%.', 'id': 139439638, 'image': '', 'related': 'AAPL', 'source': 'MarketWatch', 'summary': 'Qualcomm Gets Another Sell Rating. Why the Stock Could Drop 23%.', 'url': 'https://finnhub.io/api/news?id=b64ee6710fe00499e924d681a62ad1d3bb06552a63113e8a82d3a1f593ef6ff5'}",1773665520,news,finnhub_news,MarketWatch,Qualcomm Gets Another Sell Rating. Why the Stock Could Drop 23%. Qualcomm Gets Another Sell Rating. Why the Stock Could Drop 23%.,AAPL,Qualcomm Gets Another Sell Rating. Why the Stock Could Drop 23%.,https://finnhub.io/api/news?id=b64ee6710fe00499e924d681a62ad1d3bb06552a63113e8a82d3a1f593ef6ff5
139439639,"{'category': 'company', 'datetime': 1773665400, 'headline': 'Apple Acquires MotionVFX', 'id': 139439639, 'image': '', 'related': 'AAPL', 'source': 'MarketWatch', 'summary': 'Apple Acquires MotionVFX', 'url': 'https://finnhub.io/api/news?id=7ea37df368f1acb8e2eda9565f72141f2fa568a97ea92de748ed0ea1fbd6d53c'}",1773665400,news,finnhub_news,MarketWatch,Apple Acquires MotionVFX Apple Acquires MotionVFX,AAPL,Apple Acquires MotionVFX,https://finnhub.io/api/news?id=7ea37df368f1acb8e2eda9565f72141f2fa568a97ea92de748ed0ea1fbd6d53c
139435208,"{'category': 'company', 'datetime': 1773664497, 'headline': 'Wall Street Positioned Positively – Nvidia GTC, FOMC, And Opex Add Crosscurrents', 'id': 139435208, 'image': '', 'related': 'AAPL', 'source': 'Benzinga', 'summary': '\n\n\n\nPositive Positioning\n\n\n', 'url': 'https://finnhub.io/api/news?id=ba6ab4e10ff8cbc54fb2e0253b2e9e9a89746aae3d8838c3d635bdc7e5b15c2d'}",1773664497,news,finnhub_news,Benzinga,"Wall Street Positioned Positively – Nvidia GTC, FOMC, And Opex Add Crosscurrents Positive Positioning",AAPL,"Wall Street Positioned Positively – Nvidia GTC, FOMC, And Opex Add Crosscurrents",https://finnhub.io/api/news?id=ba6ab4e10ff8cbc54fb2e0253b2e9e9a89746aae3d8838c3d635bdc7e5b15c2d
139421657,"{'category': 'company', 'datetime': 1773662415, 'headline': 'The 3 Best Monthly Dividend ETFs to Buy Today for Lifelong Passive Income', 'id': 139421657, 'image': 'https://s.yimg.com/rz/stage/p/yahoo_finance_en-US_h_p_finance_2.png', 'related': 'AAPL', 'source': 'Yahoo', 'summary': 'Three monthly dividend ETFs split across a $300,000 portfolio can generate roughly $1,541 per month in passive income. That math matters to retirees because monthly payments align with how bills actually arrive: mortgage or rent, utilities, groceries, insurance. Quarterly dividends force you to mentally divide a lump sum across 90 days. Monthly payments remove that ... The 3 Best Monthly Dividend ETFs to Buy Today for Lifelong Passive Income', 'url': 'https://finnhub.io/api/news?id=54e99244a559f0a0858e6c33cb0aa50dc5b74f4f232b157338243f2d2639d200'}",1773662415,news,finnhub_news,Yahoo,"The 3 Best Monthly Dividend ETFs to Buy Today for Lifelong Passive Income Three monthly dividend ETFs split across a $300,000 portfolio can generate roughly $1,541 per month in passive income. That math matters to retirees because monthly payments align with how bills actually arrive: mortgage or rent, utilities, groceries, insurance. Quarterly dividends force you to mentally divide a lump sum across 90 days. Monthly payments remove that ... The 3 Best Monthly Dividend ETFs to Buy Today for Lifelong Passive Income",AAPL,The 3 Best Monthly Dividend ETFs to Buy Today for Lifelong Passive Income,https://finnhub.io/api/news?id=54e99244a559f0a0858e6c33cb0aa50dc5b74f4f232b157338243f2d2639d200
139422323,"{'category': 'company', 'datetime': 1773662408, 'headline': ""Beyond Market Price: Uncovering Apple Inc's Intrinsic Value"", 'id': 139422323, 'image': 'https://s.yimg.com/rz/stage/p/yahoo_finance_en-US_h_p_finance_2.png', 'related': 'AAPL', 'source': 'Yahoo', 'summary': 'Instead of using future free cash flow as in the traditional DCF model, the GuruFocus DCF calculator uses EPS without NRI as the default for the DCF model based on research that shows that historically stock prices have been more correlated with earnings than free cash flow. Warning! GuruFocus has detected 1 Warning Sign with MSFT.', 'url': 'https://finnhub.io/api/news?id=a2a9a283f1337ae20f171345ee7eda7f3707f284375f7acdc432123939ef7a82'}",1773662408,news,finnhub_news,Yahoo,"Beyond Market Price: Uncovering Apple Inc's Intrinsic Value Instead of using future free cash flow as in the traditional DCF model, the GuruFocus DCF calculator uses EPS without NRI as the default for the DCF model based on research that shows that historically stock prices have been more correlated with earnings than free cash flow. Warning! GuruFocus has detected 1 Warning Sign with MSFT.",AAPL,Beyond Market Price: Uncovering Apple Inc's Intrinsic Value,https://finnhub.io/api/news?id=a2a9a283f1337ae20f171345ee7eda7f3707f284375f7acdc432123939ef7a82
139436380,"{'category': 'company', 'datetime': 1773661005, 'headline': ""Qualcomm Analyst Turns Bearish As 'Addressable Market Shrinks' In 2026"", 'id': 139436380, 'image': 'https://cdn.benzinga.com/files/images/story/2026/03/16/Qualcomm_0.jpeg?width=2048&height=1536', 'related': 'AAPL', 'source': 'Benzinga', 'summary': 'Qualcomm may lose market share and face challenges in 2026 as mobile volumes decline and loses Apple as a customer.', 'url': 'https://finnhub.io/api/news?id=c1dfcabf8829fad796644556d54402993cf87194cc7107debe5c39d96a662a23'}",1773661005,news,finnhub_news,Benzinga,Qualcomm Analyst Turns Bearish As 'Addressable Market Shrinks' In 2026 Qualcomm may lose market share and face challenges in 2026 as mobile volumes decline and loses Apple as a customer.,AAPL,Qualcomm Analyst Turns Bearish As 'Addressable Market Shrinks' In 2026,https://finnhub.io/api/news?id=c1dfcabf8829fad796644556d54402993cf87194cc7107debe5c39d96a662a23
139436381,"{'category': 'company', 'datetime': 1773659514, 'headline': ""What's Going On With Apple Stock Today?"", 'id': 139436381, 'image': 'https://cdn.benzinga.com/files/images/story/2026/03/16/West-Bangal--India---April-20--2022--App.jpeg?width=2048&height=1536', 'related': 'AAPL', 'source': 'Benzinga', 'summary': 'Shares of Apple are trading higher Monday. The company released AirPods Max 2, a new product in the company&#39;s headset line.', 'url': 'https://finnhub.io/api/news?id=455b0134f1bd8182a26c9097b9262426a8e134365180169908fcd4fac72b1f5f'}",1773659514,news,finnhub_news,Benzinga,"What's Going On With Apple Stock Today? Shares of Apple are trading higher Monday. The company released AirPods Max 2, a new product in the company&#39;s headset line.",AAPL,What's Going On With Apple Stock Today?,https://finnhub.io/api/news?id=455b0134f1bd8182a26c9097b9262426a8e134365180169908fcd4fac72b1f5f
139422325,"{'category': 'company', 'datetime': 1773658860, 'headline': 'Micron Doubles Down on $1.8 Billion Taiwan Plan. But This Investment Is More Important.', 'id': 139422325, 'image': 'https://s.yimg.com/rz/stage/p/yahoo_finance_en-US_h_p_finance_2.png', 'related': 'AAPL', 'source': 'Yahoo', 'summary': 'Micron stock has surged on the memory-chip shortage. It is investing heavily in Taiwan to boost its manufacturing capacity.', 'url': 'https://finnhub.io/api/news?id=87cc4ea74f5b1cfb9e04b5e33d5e8e4de41460776505422b100b6a6f24d99d3b'}",1773658860,news,finnhub_news,Yahoo,Micron Doubles Down on $1.8 Billion Taiwan Plan. But This Investment Is More Important. Micron stock has surged on the memory-chip shortage. It is investing heavily in Taiwan to boost its manufacturing capacity.,AAPL,Micron Doubles Down on $1.8 Billion Taiwan Plan. But This Investment Is More Important.,https://finnhub.io/api/news?id=87cc4ea74f5b1cfb9e04b5e33d5e8e4de41460776505422b100b6a6f24d99d3b
139423001,"{'category': 'company', 'datetime': 1773656622, 'headline': 'Microsoft Is On Sale: 5 Reasons To Buy Now', 'id': 139423001, 'image': 'https://static.seekingalpha.com/cdn/s3/uploads/getty_images/1408775753/image_1408775753.jpg?io=getty-c-w1536', 'related': 'AAPL', 'source': 'SeekingAlpha', 'summary': 'Microsoft Corporation gets a Strong Buy and a $600 price target (52% upside). Click for this updated look at MSFT stock and see why it may now be a bargain.', 'url': 'https://finnhub.io/api/news?id=af3ce3dbbb8b4b97981d89640a62f1c131525922084510db3c1d27d204ac1527'}",1773656622,news,finnhub_news,SeekingAlpha,Microsoft Is On Sale: 5 Reasons To Buy Now Microsoft Corporation gets a Strong Buy and a $600 price target (52% upside). Click for this updated look at MSFT stock and see why it may now be a bargain.,AAPL,Microsoft Is On Sale: 5 Reasons To Buy Now,https://finnhub.io/api/news?id=af3ce3dbbb8b4b97981d89640a62f1c131525922084510db3c1d27d204ac1527
139421358,"{'category': 'company', 'datetime': 1773655493, 'headline': 'Himax Link To Apple Smart Glasses Adds New Angle To AAPL Valuation', 'id': 139421358, 'image': 'https://s.yimg.com/rz/stage/p/yahoo_finance_en-US_h_p_finance_2.png', 'related': 'AAPL', 'source': 'Yahoo', 'summary': 'Himax has been identified as a key supplier for optical components in Apple’s upcoming smart glasses. Analysis of patents, investments, and supply chain activity points to Apple preparing an advanced AR wearable device. Mass production of these smart glasses is expected by the end of 2026, with initial shipments forecast for 2027. For investors watching NasdaqGS:AAPL, this development sits alongside a share price of $250.12 and multi year returns that include 17.4% over 1 year and 108.1%...', 'url': 'https://finnhub.io/api/news?id=9069353248d27c9821482e5df18b22bb484c58187d5a42daa4e89aedb322ff7f'}",1773655493,news,finnhub_news,Yahoo,"Himax Link To Apple Smart Glasses Adds New Angle To AAPL Valuation Himax has been identified as a key supplier for optical components in Apple’s upcoming smart glasses. Analysis of patents, investments, and supply chain activity points to Apple preparing an advanced AR wearable device. Mass production of these smart glasses is expected by the end of 2026, with initial shipments forecast for 2027. For investors watching NasdaqGS:AAPL, this development sits alongside a share price of $250.12 and multi year returns that include 17.4% over 1 year and 108.1%...",AAPL,Himax Link To Apple Smart Glasses Adds New Angle To AAPL Valuation,https://finnhub.io/api/news?id=9069353248d27c9821482e5df18b22bb484c58187d5a42daa4e89aedb322ff7f
139424362,"{'category': 'company', 'datetime': 1773655400, 'headline': ""He manages the best-performing stock mutual fund of the past 25 years—here's his top advice for investors"", 'id': 139424362, 'image': 'https://image.cnbcfm.com/api/v1/image/108277461-1773342506925-Michael_Lippert_1.jpg?v=1773342719&w=1920&h=1080', 'related': 'AAPL', 'source': 'CNBC', 'summary': 'Michael Lippert runs Baron Opportunity, a mutual fund which aims to invest in fast-growing stocks benefitting from technological trends. ', 'url': 'https://finnhub.io/api/news?id=46dff4d46afd44b7bdccf1ad9ea6d77665f39d3fb7667a4078829063c2d3c544'}",1773655400,news,finnhub_news,CNBC,"He manages the best-performing stock mutual fund of the past 25 years—here's his top advice for investors Michael Lippert runs Baron Opportunity, a mutual fund which aims to invest in fast-growing stocks benefitting from technological trends.",AAPL,He manages the best-performing stock mutual fund of the past 25 years—here's his top advice for investors,https://finnhub.io/api/news?id=46dff4d46afd44b7bdccf1ad9ea6d77665f39d3fb7667a4078829063c2d3c544
139420760,"{'category': 'company', 'datetime': 1773655219, 'headline': 'When not to buy the dip on AI, software stocks: Strategist', 'id': 139420760, 'image': 'https://s.yimg.com/rz/stage/p/yahoo_finance_en-US_h_p_finance_2.png', 'related': 'AAPL', 'source': 'Yahoo', 'summary': 'Laffer Tengler Investments CEO and CIO Nancy Tengler comes on Market Catalysts to share her perspective on AI and software stocks currently trading at a discount as investors ""return to [the] fundamentals."" To watch more expert insights and analysis on the latest market action, check out more\xa0Market Catalysts.', 'url': 'https://finnhub.io/api/news?id=814410a98ed1fc5b88e762a2395d8adf3ebf051ac2c6f6148829ee9df08257e2'}",1773655219,news,finnhub_news,Yahoo,"When not to buy the dip on AI, software stocks: Strategist Laffer Tengler Investments CEO and CIO Nancy Tengler comes on Market Catalysts to share her perspective on AI and software stocks currently trading at a discount as investors ""return to [the] fundamentals."" To watch more expert insights and analysis on the latest market action, check out more Market Catalysts.",AAPL,"When not to buy the dip on AI, software stocks: Strategist",https://finnhub.io/api/news?id=814410a98ed1fc5b88e762a2395d8adf3ebf051ac2c6f6148829ee9df08257e2
139421360,"{'category': 'company', 'datetime': 1773653220, 'headline': 'Foxconn Earnings Miss, Raising AI Fears. What It Means for Apple, Nvidia.', 'id': 139421360, 'image': 'https://s.yimg.com/rz/stage/p/yahoo_finance_en-US_h_p_finance_2.png', 'related': 'AAPL', 'source': 'Yahoo', 'summary': 'The Taiwanese electronics manufacturer is best known as the manufacturer of iPhones, but it also makes servers housing Nvidia chips.', 'url': 'https://finnhub.io/api/news?id=5cf80b3bb56dc9b77ba385c1542373d7eb9f4a4bffa70f161e63776e56ce1773'}",1773653220,news,finnhub_news,Yahoo,"Foxconn Earnings Miss, Raising AI Fears. What It Means for Apple, Nvidia. The Taiwanese electronics manufacturer is best known as the manufacturer of iPhones, but it also makes servers housing Nvidia chips.",AAPL,"Foxconn Earnings Miss, Raising AI Fears. What It Means for Apple, Nvidia.",https://finnhub.io/api/news?id=5cf80b3bb56dc9b77ba385c1542373d7eb9f4a4bffa70f161e63776e56ce1773
139423381,"{'category': 'company', 'datetime': 1773651878, 'headline': 'Apple Announces New AirPods Max 2 Product Line; To Be Available For Order From March 25, Deliveries To Start Early April', 'id': 139423381, 'image': '', 'related': 'AAPL', 'source': 'Benzinga', 'summary': '', 'url': 'https://finnhub.io/api/news?id=f824c626852bf6175758de81c37cb288ef75e108df0de445bb54189274e75b0b'}",1773651878,news,finnhub_news,Benzinga,"Apple Announces New AirPods Max 2 Product Line; To Be Available For Order From March 25, Deliveries To Start Early April",AAPL,"Apple Announces New AirPods Max 2 Product Line; To Be Available For Order From March 25, Deliveries To Start Early April",https://finnhub.io/api/news?id=f824c626852bf6175758de81c37cb288ef75e108df0de445bb54189274e75b0b
139420661,"{'category': 'company', 'datetime': 1773648600, 'headline': 'Foxconn bets the whole of 2026 on AI servers, even as profits slip', 'id': 139420661, 'image': 'https://s.yimg.com/rz/stage/p/yahoo_finance_en-US_h_p_finance_2.png', 'related': 'AAPL', 'source': 'Yahoo', 'summary': ""For the first time, the world's largest contract electronics maker has issued a full-year revenue outlook, and the message is unambiguous: the AI infrastructure boom has years to run. Bury the profit miss. The more consequential number out of Foxconn on Monday is the one the company has never..."", 'url': 'https://finnhub.io/api/news?id=cd6b52d57d035a32fb538a71eb075edf458b734e6f9fd18aa4a3f6b2a47a6df9'}",1773648600,news,finnhub_news,Yahoo,"Foxconn bets the whole of 2026 on AI servers, even as profits slip For the first time, the world's largest contract electronics maker has issued a full-year revenue outlook, and the message is unambiguous: the AI infrastructure boom has years to run. Bury the profit miss. The more consequential number out of Foxconn on Monday is the one the company has never...",AAPL,"Foxconn bets the whole of 2026 on AI servers, even as profits slip",https://finnhub.io/api/news?id=cd6b52d57d035a32fb538a71eb075edf458b734e6f9fd18aa4a3f6b2a47a6df9
139420664,"{'category': 'company', 'datetime': 1773648345, 'headline': ""AI to drive growth despite geopolitics, Taiwan's Foxconn says"", 'id': 139420664, 'image': 'https://s.yimg.com/rz/stage/p/yahoo_finance_en-US_h_p_finance_2.png', 'related': 'AAPL', 'source': 'Yahoo', 'summary': 'Taiwanese tech giant Foxconn on Monday said it expected the booming market for artificial intelligence servers to drive growth this year, despite volatility caused by global conflict.""However, driven by the strong growth of AI servers, I believe 2026 will still be a very good year, and we expect to see robust growth.""', 'url': 'https://finnhub.io/api/news?id=dfb5ffbdb672e0be661a496462de01c7cea069a9bdc98a81045ab3f73a58d338'}",1773648345,news,finnhub_news,Yahoo,"AI to drive growth despite geopolitics, Taiwan's Foxconn says Taiwanese tech giant Foxconn on Monday said it expected the booming market for artificial intelligence servers to drive growth this year, despite volatility caused by global conflict.""However, driven by the strong growth of AI servers, I believe 2026 will still be a very good year, and we expect to see robust growth.""",AAPL,"AI to drive growth despite geopolitics, Taiwan's Foxconn says",https://finnhub.io/api/news?id=dfb5ffbdb672e0be661a496462de01c7cea069a9bdc98a81045ab3f73a58d338
139420032,"{'category': 'company', 'datetime': 1773642671, 'headline': ""Taiwan's Foxconn forecasts strong revenue growth even as profit lags forecasts"", 'id': 139420032, 'image': 'https://s.yimg.com/rz/stage/p/yahoo_finance_en-US_h_p_finance_2.png', 'related': 'AAPL', 'source': 'Yahoo', 'summary': 'Taiwan\'s Foxconn, the world\'s largest contract electronics maker, said on Monday it expected strong revenue growth in the first quarter and the \u200cwhole of this year, even as it posted a fall of 2% in \u200cquarterly profit, lagging estimates.  The technology giant, Nvidia\'s biggest server maker and Apple\'s top iPhone assembler, did not give a \u200breason in its statement for the fall in profit, which came despite robust global demand for AI products.  Foxconn\'s guidance for both the first quarter and full year revenue are for ""strong growth"", the highest outlook the company can give, as it does not provide a numeric outlook.', 'url': 'https://finnhub.io/api/news?id=20e5ee976d5d4c3e2fff7a920db6168366027283c63d1cb7906fa88062975c79'}",1773642671,news,finnhub_news,Yahoo,"Taiwan's Foxconn forecasts strong revenue growth even as profit lags forecasts Taiwan's Foxconn, the world's largest contract electronics maker, said on Monday it expected strong revenue growth in the first quarter and the ‌whole of this year, even as it posted a fall of 2% in ‌quarterly profit, lagging estimates. The technology giant, Nvidia's biggest server maker and Apple's top iPhone assembler, did not give a ​reason in its statement for the fall in profit, which came despite robust global demand for AI products. Foxconn's guidance for both the first quarter and full year revenue are for ""strong growth"", the highest outlook the company can give, as it does not provide a numeric outlook.",AAPL,Taiwan's Foxconn forecasts strong revenue growth even as profit lags forecasts,https://finnhub.io/api/news?id=20e5ee976d5d4c3e2fff7a920db6168366027283c63d1cb7906fa88062975c79
139418759,"{'category': 'company', 'datetime': 1773626700, 'headline': ""Trump appointee proposes ripping out the White House's 200-year-old columns for the flashier style found at Mar-a-Lago"", 'id': 139418759, 'image': 'https://s.yimg.com/rz/stage/p/yahoo_finance_en-US_h_p_finance_2.png', 'related': 'AAPL', 'source': 'Yahoo', 'summary': ""That's just one line item on a White House renovation tab that critics say is ballooning well beyond what Americans were promised."", 'url': 'https://finnhub.io/api/news?id=20384df97e6f641ac096d901d1b49e4805b517fac2fb4482e9970f017b3f85dd'}",1773626700,news,finnhub_news,Yahoo,Trump appointee proposes ripping out the White House's 200-year-old columns for the flashier style found at Mar-a-Lago That's just one line item on a White House renovation tab that critics say is ballooning well beyond what Americans were promised.,AAPL,Trump appointee proposes ripping out the White House's 200-year-old columns for the flashier style found at Mar-a-Lago,https://finnhub.io/api/news?id=20384df97e6f641ac096d901d1b49e4805b517fac2fb4482e9970f017b3f85dd
139418179,"{'category': 'company', 'datetime': 1773621249, 'headline': 'Is Apple Inc. (AAPL) A Good Stock To Buy Now?', 'id': 139418179, 'image': 'https://s.yimg.com/rz/stage/p/yahoo_finance_en-US_h_p_finance_2.png', 'related': 'AAPL', 'source': 'Yahoo', 'summary': 'Is AAPL a good stock to buy now? We came across a bullish thesis on Apple Inc. on Quality Value Investing’s Substack by David J. Waldron. In this article, we will summarize the bulls’ thesis on AAPL. Apple Inc.’s share was trading at $260.83 as of March 10th. AAPL’s trailing and forward P/E were 32.90 and 30.40 respectively according […]', 'url': 'https://finnhub.io/api/news?id=c73f40eaecba17425fc988b43fdbe1995f2d9cd7a0f13bbc0ab21ce64dda0a5b'}",1773621249,news,finnhub_news,Yahoo,"Is Apple Inc. (AAPL) A Good Stock To Buy Now? Is AAPL a good stock to buy now? We came across a bullish thesis on Apple Inc. on Quality Value Investing’s Substack by David J. Waldron. In this article, we will summarize the bulls’ thesis on AAPL. Apple Inc.’s share was trading at $260.83 as of March 10th. AAPL’s trailing and forward P/E were 32.90 and 30.40 respectively according […]",AAPL,Is Apple Inc. (AAPL) A Good Stock To Buy Now?,https://finnhub.io/api/news?id=c73f40eaecba17425fc988b43fdbe1995f2d9cd7a0f13bbc0ab21ce64dda0a5b
139418725,"{'category': 'company', 'datetime': 1773618240, 'headline': 'Himax Technologies: The Best Is Yet To Come', 'id': 139418725, 'image': 'https://static.seekingalpha.com/cdn/s3/uploads/getty_images/677252721/image_677252721.jpg?io=getty-c-w1536', 'related': 'AAPL', 'source': 'SeekingAlpha', 'summary': 'Himax (HIMX) stock thesis: rumored NVIDIA/Apple ties, TSMC Coupe energy-saving AI data center tech, and 2026 smart glasses catalystâ\x80\x94read now.', 'url': 'https://finnhub.io/api/news?id=3a8a31f9cb5281fb0e620c4fcadf9c925745dc62f8c3130770d7a676158d2485'}",1773618240,news,finnhub_news,SeekingAlpha,"Himax Technologies: The Best Is Yet To Come Himax (HIMX) stock thesis: rumored NVIDIA/Apple ties, TSMC Coupe energy-saving AI data center tech, and 2026 smart glasses catalystâread now.",AAPL,Himax Technologies: The Best Is Yet To Come,https://finnhub.io/api/news?id=3a8a31f9cb5281fb0e620c4fcadf9c925745dc62f8c3130770d7a676158d2485
139417563,"{'category': 'company', 'datetime': 1773614700, 'headline': 'The Most Overlooked Artificial Intelligence (AI) Stocks in the ""Magnificent Seven"" for 2026', 'id': 139417563, 'image': 'https://s.yimg.com/rz/stage/p/yahoo_finance_en-US_h_p_finance_2.png', 'related': 'AAPL', 'source': 'Yahoo', 'summary': ""Amazon and Microsoft are two huge players in the AI realm that don't get enough credit."", 'url': 'https://finnhub.io/api/news?id=e652999017eca947de1185320846e416a1e6dc5258b015876817e85a215c722b'}",1773614700,news,finnhub_news,Yahoo,"The Most Overlooked Artificial Intelligence (AI) Stocks in the ""Magnificent Seven"" for 2026 Amazon and Microsoft are two huge players in the AI realm that don't get enough credit.",AAPL,"The Most Overlooked Artificial Intelligence (AI) Stocks in the ""Magnificent Seven"" for 2026",https://finnhub.io/api/news?id=e652999017eca947de1185320846e416a1e6dc5258b015876817e85a215c722b
139424377,"{'category': 'company', 'datetime': 1773605894, 'headline': ""JD.com takes on Amazon in Europe as China's e-commerce titans expand globally"", 'id': 139424377, 'image': 'https://image.cnbcfm.com/api/v1/image/108277147-1773316267290-gettyimages-2264385487-raa-jdcomjin260305_npDxs.jpeg?v=1773316313&w=1920&h=1080', 'related': 'AAPL', 'source': 'CNBC', 'summary': 'JD.com is pushing same-day delivery and international brands as a way to help it compete with Amazon. ', 'url': 'https://finnhub.io/api/news?id=9765720195b72e8d8d5e424b07accae55e2ca21a992b451f533f9508f18179fd'}",1773605894,news,finnhub_news,CNBC,JD.com takes on Amazon in Europe as China's e-commerce titans expand globally JD.com is pushing same-day delivery and international brands as a way to help it compete with Amazon.,AAPL,JD.com takes on Amazon in Europe as China's e-commerce titans expand globally,https://finnhub.io/api/news?id=9765720195b72e8d8d5e424b07accae55e2ca21a992b451f533f9508f18179fd
139416659,"{'category': 'company', 'datetime': 1773602400, 'headline': ""Did Warren Buffett Know Something Wall Street Doesn't? The Former Berkshire Hathaway CEO Left a $373 Billion Warning for the Stock Market."", 'id': 139416659, 'image': 'https://s.yimg.com/rz/stage/p/yahoo_finance_en-US_h_p_finance_2.png', 'related': 'AAPL', 'source': 'Yahoo', 'summary': 'Warren Buffett left Berkshire Hathaway with a massive war chest and spent his final years as CEO selling stocks while Wall Street celebrated record highs.', 'url': 'https://finnhub.io/api/news?id=60bb1e5e0a30be4938145e77d44f1eecffdd5595e3a8607b8508ef0e53377e0b'}",1773602400,news,finnhub_news,Yahoo,Did Warren Buffett Know Something Wall Street Doesn't? The Former Berkshire Hathaway CEO Left a $373 Billion Warning for the Stock Market. Warren Buffett left Berkshire Hathaway with a massive war chest and spent his final years as CEO selling stocks while Wall Street celebrated record highs.,AAPL,Did Warren Buffett Know Something Wall Street Doesn't? The Former Berkshire Hathaway CEO Left a $373 Billion Warning for the Stock Market.,https://finnhub.io/api/news?id=60bb1e5e0a30be4938145e77d44f1eecffdd5595e3a8607b8508ef0e53377e0b
139458398,"{'category': 'company', 'datetime': 1773591360, 'headline': 'Apple’s Cheap AI Bet Could Pay Off Big', 'id': 139458398, 'image': '', 'related': 'AAPL', 'source': 'DowJones', 'summary': 'Apple’s Cheap AI Bet Could Pay Off Big', 'url': 'https://finnhub.io/api/news?id=8d6f60930f37801ef8ecf3fffada217ca94acfe4e7d8b8b53195af8baca9a566'}",1773591360,news,finnhub_news,DowJones,Apple’s Cheap AI Bet Could Pay Off Big Apple’s Cheap AI Bet Could Pay Off Big,AAPL,Apple’s Cheap AI Bet Could Pay Off Big,https://finnhub.io/api/news?id=8d6f60930f37801ef8ecf3fffada217ca94acfe4e7d8b8b53195af8baca9a566
139415714,"{'category': 'company', 'datetime': 1773586860, 'headline': ""Apple's stock split history: Everything you need to know"", 'id': 139415714, 'image': 'https://s.yimg.com/rz/stage/p/yahoo_finance_en-US_h_p_finance_2.png', 'related': 'AAPL', 'source': 'Yahoo', 'summary': 'Apple’s market capitalization is in the trillions of dollars. As demand for its shares has increased over the past few decades, the company has chosen to split its shares to make the stock more affordable for many individual investors. Without such stock splits, Apple would have been out of reach ...', 'url': 'https://finnhub.io/api/news?id=006cb743c201dd3eb1262d0eaf4eddf50c61139009715078dcd0bed8437d2713'}",1773586860,news,finnhub_news,Yahoo,"Apple's stock split history: Everything you need to know Apple’s market capitalization is in the trillions of dollars. As demand for its shares has increased over the past few decades, the company has chosen to split its shares to make the stock more affordable for many individual investors. Without such stock splits, Apple would have been out of reach ...",AAPL,Apple's stock split history: Everything you need to know,https://finnhub.io/api/news?id=006cb743c201dd3eb1262d0eaf4eddf50c61139009715078dcd0bed8437d2713
139415193,"{'category': 'company', 'datetime': 1773577827, 'headline': 'Why surging oil prices should matter even if you own Apple, Nvidia, and Microsoft', 'id': 139415193, 'image': 'https://s.yimg.com/rz/stage/p/yahoo_finance_en-US_h_p_finance_2.png', 'related': 'AAPL', 'source': 'Yahoo', 'summary': 'Connecting the dots on oil prices will serve you well.', 'url': 'https://finnhub.io/api/news?id=9ba7bd08f8341196f65adf6732b82da3a500520f5e317f0952b31a60bb2e239b'}",1773577827,news,finnhub_news,Yahoo,"Why surging oil prices should matter even if you own Apple, Nvidia, and Microsoft Connecting the dots on oil prices will serve you well.",AAPL,"Why surging oil prices should matter even if you own Apple, Nvidia, and Microsoft",https://finnhub.io/api/news?id=9ba7bd08f8341196f65adf6732b82da3a500520f5e317f0952b31a60bb2e239b
139418180,"{'category': 'company', 'datetime': 1773576180, 'headline': 'This 18-year-old college student accidentally emailed thousands of classmates—it turned his pet-sitting business into a valuable side hustle', 'id': 139418180, 'image': 'https://s.yimg.com/rz/stage/p/yahoo_finance_en-US_h_p_finance_2.png', 'related': 'AAPL', 'source': 'Yahoo', 'summary': 'University of Alabama student Hector Gutierrez joins a growing number of Gen Zers building their own businesses before even finishing college.', 'url': 'https://finnhub.io/api/news?id=73b314fd8e067aa82ec65098079ff774d9e36d292776279661c6b82dcd9fe57f'}",1773576180,news,finnhub_news,Yahoo,This 18-year-old college student accidentally emailed thousands of classmates—it turned his pet-sitting business into a valuable side hustle University of Alabama student Hector Gutierrez joins a growing number of Gen Zers building their own businesses before even finishing college.,AAPL,This 18-year-old college student accidentally emailed thousands of classmates—it turned his pet-sitting business into a valuable side hustle,https://finnhub.io/api/news?id=73b314fd8e067aa82ec65098079ff774d9e36d292776279661c6b82dcd9fe57f
139414640,"{'category': 'company', 'datetime': 1773568800, 'headline': ""Meet the Next Member of the $2 Trillion Club. It's Up 97% in the Past Year, and It Can Still Climb Higher in 2026."", 'id': 139414640, 'image': 'https://s.yimg.com/rz/stage/p/yahoo_finance_en-US_h_p_finance_2.png', 'related': 'AAPL', 'source': 'Yahoo', 'summary': 'This high-flying chip stock is poised for another big year.', 'url': 'https://finnhub.io/api/news?id=bfed533dca6ff2c636ac1f9d381f0873ac4c1ee28a86b8f6e02adb2998446a0b'}",1773568800,news,finnhub_news,Yahoo,"Meet the Next Member of the $2 Trillion Club. It's Up 97% in the Past Year, and It Can Still Climb Higher in 2026. This high-flying chip stock is poised for another big year.",AAPL,"Meet the Next Member of the $2 Trillion Club. It's Up 97% in the Past Year, and It Can Still Climb Higher in 2026.",https://finnhub.io/api/news?id=bfed533dca6ff2c636ac1f9d381f0873ac4c1ee28a86b8f6e02adb2998446a0b
139413902,"{'category': 'company', 'datetime': 1773567900, 'headline': 'Warren Buffett returned 6,000,000% plus for investors over 60 years. Here are his 5 biggest wins and what to learn', 'id': 139413902, 'image': 'https://s.yimg.com/rz/stage/p/yahoo_finance_en-US_h_p_finance_2.png', 'related': 'AAPL', 'source': 'Yahoo', 'summary': 'The Oracle of Omaha just retired after six decades running Berkshire Hathaway — turning $9,800 into a $150 billion personal fortune that crushed the S&P 500 by 130x.', 'url': 'https://finnhub.io/api/news?id=68026b8171a585c8f7037f94bf3c2f1815b93c581c728e0a3a8da4de81a2333a'}",1773567900,news,finnhub_news,Yahoo,"Warren Buffett returned 6,000,000% plus for investors over 60 years. Here are his 5 biggest wins and what to learn The Oracle of Omaha just retired after six decades running Berkshire Hathaway — turning $9,800 into a $150 billion personal fortune that crushed the S&P 500 by 130x.",AAPL,"Warren Buffett returned 6,000,000% plus for investors over 60 years. Here are his 5 biggest wins and what to learn",https://finnhub.io/api/news?id=68026b8171a585c8f7037f94bf3c2f1815b93c581c728e0a3a8da4de81a2333a
139415403,"{'category': 'company', 'datetime': 1773566441, 'headline': 'Consumer Tech News (Mar 9-13): Trump Administration Sues California Over Emissions Targets, Nvidia Announces $26B AI Investment & More', 'id': 139415403, 'image': 'https://cdn.benzinga.com/files/images/story/2026/03/15/China-Leads-In-Applied-AI-And-Consumer-T.jpeg?width=2048&height=1536', 'related': 'AAPL', 'source': 'Benzinga', 'summary': 'Broadcom, AMD, and Applied Materials expand AI semiconductor capabilities, developing next-gen memory and high-speed networking solutions.', 'url': 'https://finnhub.io/api/news?id=2572090736198773ff5e9640f7e905504de847c3f2c6c98aa1440504458fc311'}",1773566441,news,finnhub_news,Benzinga,"Consumer Tech News (Mar 9-13): Trump Administration Sues California Over Emissions Targets, Nvidia Announces $26B AI Investment & More Broadcom, AMD, and Applied Materials expand AI semiconductor capabilities, developing next-gen memory and high-speed networking solutions.",AAPL,"Consumer Tech News (Mar 9-13): Trump Administration Sues California Over Emissions Targets, Nvidia Announces $26B AI Investment & More",https://finnhub.io/api/news?id=2572090736198773ff5e9640f7e905504de847c3f2c6c98aa1440504458fc311
139413292,"{'category': 'company', 'datetime': 1773559535, 'headline': 'Apple (AAPL) Postpones Its Smart Home Display Release', 'id': 139413292, 'image': 'https://s.yimg.com/rz/stage/p/yahoo_finance_en-US_h_p_finance_2.png', 'related': 'AAPL', 'source': 'Yahoo', 'summary': 'Apple Inc. (NASDAQ:AAPL) earns a place on our list of the 13 unrivaled stocks of the next 10 years, though recent developments suggest the company’s artificial intelligence rollout is still evolving. According to TheFly’s report citing Bloomberg’s Mark Gurman’s comments on March 9, 2026, Apple Inc. (NASDAQ:AAPL) has decided to delay the release of its smart home […]', 'url': 'https://finnhub.io/api/news?id=0976a246c2b5237859224775b1ae99df9b5a932a67a6f7dbed553f1d5df91859'}",1773559535,news,finnhub_news,Yahoo,"Apple (AAPL) Postpones Its Smart Home Display Release Apple Inc. (NASDAQ:AAPL) earns a place on our list of the 13 unrivaled stocks of the next 10 years, though recent developments suggest the company’s artificial intelligence rollout is still evolving. According to TheFly’s report citing Bloomberg’s Mark Gurman’s comments on March 9, 2026, Apple Inc. (NASDAQ:AAPL) has decided to delay the release of its smart home […]",AAPL,Apple (AAPL) Postpones Its Smart Home Display Release,https://finnhub.io/api/news?id=0976a246c2b5237859224775b1ae99df9b5a932a67a6f7dbed553f1d5df91859
139413289,"{'category': 'company', 'datetime': 1773559320, 'headline': '1 Unstoppable Stock To Buy Right Now Before It Soars 91% to Join Nvidia, Apple, Alphabet, and Microsoft in the $3 Trillion Club', 'id': 139413289, 'image': 'https://s.yimg.com/rz/stage/p/yahoo_finance_en-US_h_p_finance_2.png', 'related': 'AAPL', 'source': 'Yahoo', 'summary': 'Coming off a fantastic 2025, this semiconductor and data center specialist kicked off 2026 with a bang.', 'url': 'https://finnhub.io/api/news?id=c67c136531cc530c91f2fc3a4d6538b8ab08c6e4002ac11e76706bf5a3e370d7'}",1773559320,news,finnhub_news,Yahoo,"1 Unstoppable Stock To Buy Right Now Before It Soars 91% to Join Nvidia, Apple, Alphabet, and Microsoft in the $3 Trillion Club Coming off a fantastic 2025, this semiconductor and data center specialist kicked off 2026 with a bang.",AAPL,"1 Unstoppable Stock To Buy Right Now Before It Soars 91% to Join Nvidia, Apple, Alphabet, and Microsoft in the $3 Trillion Club",https://finnhub.io/api/news?id=c67c136531cc530c91f2fc3a4d6538b8ab08c6e4002ac11e76706bf5a3e370d7
139415407,"{'category': 'company', 'datetime': 1773558042, 'headline': ""China App Store Fee Cut, Musk's Apple Tribute And More: This Week In Appleverse"", 'id': 139415407, 'image': 'https://cdn.benzinga.com/files/images/story/2026/03/15/Apple.jpeg?width=2048&height=1536', 'related': 'AAPL', 'source': 'Benzinga', 'summary': 'From Tim Cook&#39;s Apple gamble to F1 ratings, China fee cuts, Musk&#39;s tribute and market concentration debate — here&#39;s the week&#39;s roundup.', 'url': 'https://finnhub.io/api/news?id=dea565a79d5ca20c2c34004c696aa4036e558c6fe894b7f2c3ed7742a3055525'}",1773558042,news,finnhub_news,Benzinga,"China App Store Fee Cut, Musk's Apple Tribute And More: This Week In Appleverse From Tim Cook&#39;s Apple gamble to F1 ratings, China fee cuts, Musk&#39;s tribute and market concentration debate — here&#39;s the week&#39;s roundup.",AAPL,"China App Store Fee Cut, Musk's Apple Tribute And More: This Week In Appleverse",https://finnhub.io/api/news?id=dea565a79d5ca20c2c34004c696aa4036e558c6fe894b7f2c3ed7742a3055525
139419341,"{'category': 'company', 'datetime': 1773547260, 'headline': 'Will MANGO Inherit Magnificent 7’s Market Dominance?', 'id': 139419341, 'image': 'https://s.yimg.com/rz/stage/p/yahoo_finance_en-US_h_p_finance_2.png', 'related': 'AAPL', 'source': 'Yahoo', 'summary': ""Change is the universal constant and even the Magnificent 7, being reshaped by AI upheaval, isn't immune. Here's what you should know."", 'url': 'https://finnhub.io/api/news?id=d3fdf7b8a46b378ca96ac999e800b185992702516f32a4b1d6bd306f7fa137ae'}",1773547260,news,finnhub_news,Yahoo,"Will MANGO Inherit Magnificent 7’s Market Dominance? Change is the universal constant and even the Magnificent 7, being reshaped by AI upheaval, isn't immune. Here's what you should know.",AAPL,Will MANGO Inherit Magnificent 7’s Market Dominance?,https://finnhub.io/api/news?id=d3fdf7b8a46b378ca96ac999e800b185992702516f32a4b1d6bd306f7fa137ae
139411577,"{'category': 'company', 'datetime': 1773534903, 'headline': 'Goldman: AI PCs to buck 10% market slump as ‘edge computing’ demand accelerates', 'id': 139411577, 'image': 'https://s.yimg.com/rz/stage/p/yahoo_finance_en-US_h_p_finance_2.png', 'related': 'AAPL', 'source': 'Yahoo', 'summary': 'Investing.com -- The global personal computer market is bracing for a significant contraction in 2026 as rising component costs and a cooling replacement cycle take their toll on shipments. According to a new report from Goldman Sachs, global PC shipments are now expected to decline by 10% year-on-year in 2026, a steeper drop than previously anticipated, as the industry grapples with the fallout from the Windows 10 ""end-of-life"" transition.', 'url': 'https://finnhub.io/api/news?id=ec4669f16e384e4348a23bf2f32db595e36cabca03d190791f7a3d97cf1e581a'}",1773534903,news,finnhub_news,Yahoo,"Goldman: AI PCs to buck 10% market slump as ‘edge computing’ demand accelerates Investing.com -- The global personal computer market is bracing for a significant contraction in 2026 as rising component costs and a cooling replacement cycle take their toll on shipments. According to a new report from Goldman Sachs, global PC shipments are now expected to decline by 10% year-on-year in 2026, a steeper drop than previously anticipated, as the industry grapples with the fallout from the Windows 10 ""end-of-life"" transition.",AAPL,Goldman: AI PCs to buck 10% market slump as ‘edge computing’ demand accelerates,https://finnhub.io/api/news?id=ec4669f16e384e4348a23bf2f32db595e36cabca03d190791f7a3d97cf1e581a
139410603,"{'category': 'company', 'datetime': 1773519900, 'headline': ""You Won't Believe How Much Money Berkshire Hathaway Gets From Moody's Dividends"", 'id': 139410603, 'image': 'https://s.yimg.com/rz/stage/p/yahoo_finance_en-US_h_p_finance_2.png', 'related': 'AAPL', 'source': 'Yahoo', 'summary': 'As the dividend grows, your yield over time grows, too.', 'url': 'https://finnhub.io/api/news?id=3310f79eb419a79bb00e2fe248a70b885dda7b3cbea06dda191932997ef3a544'}",1773519900,news,finnhub_news,Yahoo,"You Won't Believe How Much Money Berkshire Hathaway Gets From Moody's Dividends As the dividend grows, your yield over time grows, too.",AAPL,You Won't Believe How Much Money Berkshire Hathaway Gets From Moody's Dividends,https://finnhub.io/api/news?id=3310f79eb419a79bb00e2fe248a70b885dda7b3cbea06dda191932997ef3a544
139410168,"{'category': 'company', 'datetime': 1773512406, 'headline': 'Assessing MP Materials (MP) Valuation After 10X Texas Magnet Facility And Government Backing', 'id': 139410168, 'image': 'https://s.yimg.com/rz/stage/p/yahoo_finance_en-US_h_p_finance_2.png', 'related': 'AAPL', 'source': 'Yahoo', 'summary': 'MP Materials (MP) has drawn fresh attention after confirming plans for its 10X rare earth magnet facility in Northlake, Texas, supported by U.S. government backing and long-term offtake agreements with General Motors and Apple. See our latest analysis for MP Materials. The share price has cooled recently, with a 1 day share price return of a 4.7% decline and a 30 day share price return of a 5.6% decline. This comes even as the 1 year total shareholder return of 113.2% and 3 year total...', 'url': 'https://finnhub.io/api/news?id=5a300372d9bde84294b62d17184158ecbb2d1655ea4730523d77803df987362a'}",1773512406,news,finnhub_news,Yahoo,"Assessing MP Materials (MP) Valuation After 10X Texas Magnet Facility And Government Backing MP Materials (MP) has drawn fresh attention after confirming plans for its 10X rare earth magnet facility in Northlake, Texas, supported by U.S. government backing and long-term offtake agreements with General Motors and Apple. See our latest analysis for MP Materials. The share price has cooled recently, with a 1 day share price return of a 4.7% decline and a 30 day share price return of a 5.6% decline. This comes even as the 1 year total shareholder return of 113.2% and 3 year total...",AAPL,Assessing MP Materials (MP) Valuation After 10X Texas Magnet Facility And Government Backing,https://finnhub.io/api/news?id=5a300372d9bde84294b62d17184158ecbb2d1655ea4730523d77803df987362a
139407963,"{'category': 'company', 'datetime': 1773493200, 'headline': 'Review: Does the $599 MacBook Neo Fit in Your Life?', 'id': 139407963, 'image': 'https://s.yimg.com/rz/stage/p/yahoo_finance_en-US_h_p_finance_2.png', 'related': 'AAPL', 'source': 'Yahoo', 'summary': 'Comparing Apple’s new budget laptop to the new M5 MacBook Air plus a comparable Chromebook and Windows PC.', 'url': 'https://finnhub.io/api/news?id=69ecc9e1dbe0cfc2e6ac85dc28e2e857079e8b31e87ca3ac69ea57ca93f2dc7d'}",1773493200,news,finnhub_news,Yahoo,Review: Does the $599 MacBook Neo Fit in Your Life? Comparing Apple’s new budget laptop to the new M5 MacBook Air plus a comparable Chromebook and Windows PC.,AAPL,Review: Does the $599 MacBook Neo Fit in Your Life?,https://finnhub.io/api/news?id=69ecc9e1dbe0cfc2e6ac85dc28e2e857079e8b31e87ca3ac69ea57ca93f2dc7d
139407217,"{'category': 'company', 'datetime': 1773486579, 'headline': 'Assessing Himax Technologies (HIMX) Valuation After AI Data Center And Smart Glasses Supplier Speculation', 'id': 139407217, 'image': 'https://s.yimg.com/rz/stage/p/yahoo_finance_en-US_h_p_finance_2.png', 'related': 'AAPL', 'source': 'Yahoo', 'summary': 'Himax Technologies (HIMX) is back in the spotlight after reports linked it to Taiwan Semiconductor Manufacturing Company’s co packaged optics for Nvidia AI data centers, as well as possible Apple smart glasses exposure and recent Embedded World 2026 product showcases. See our latest analysis for Himax Technologies. That sudden attention has been reflected in the share price, with a 7 day share price return of 32.97% and a 30 day gain of 19.27% building on a 90 day rise of 13.36%, while the 3...', 'url': 'https://finnhub.io/api/news?id=b8372c5aa835001c93974cf8ccade8cd56c4a252f2c3b8e8267aeaeff1f09cde'}",1773486579,news,finnhub_news,Yahoo,"Assessing Himax Technologies (HIMX) Valuation After AI Data Center And Smart Glasses Supplier Speculation Himax Technologies (HIMX) is back in the spotlight after reports linked it to Taiwan Semiconductor Manufacturing Company’s co packaged optics for Nvidia AI data centers, as well as possible Apple smart glasses exposure and recent Embedded World 2026 product showcases. See our latest analysis for Himax Technologies. That sudden attention has been reflected in the share price, with a 7 day share price return of 32.97% and a 30 day gain of 19.27% building on a 90 day rise of 13.36%, while the 3...",AAPL,Assessing Himax Technologies (HIMX) Valuation After AI Data Center And Smart Glasses Supplier Speculation,https://finnhub.io/api/news?id=b8372c5aa835001c93974cf8ccade8cd56c4a252f2c3b8e8267aeaeff1f09cde
139407964,"{'category': 'company', 'datetime': 1773478802, 'headline': 'Can Major League Baseball sustain its global momentum?', 'id': 139407964, 'image': 'https://s.yimg.com/rz/stage/p/yahoo_finance_en-US_h_p_finance_2.png', 'related': 'AAPL', 'source': 'Yahoo', 'summary': 'As the conflict between the US, Israel and Iran heads towards its third week, the world of sport is beginning to feel the impact. Iran’s sport...', 'url': 'https://finnhub.io/api/news?id=68eb3d59426677864b9fb8d49a99edebb8cad90a5fe815c9c56f67492a2d1ea0'}",1773478802,news,finnhub_news,Yahoo,"Can Major League Baseball sustain its global momentum? As the conflict between the US, Israel and Iran heads towards its third week, the world of sport is beginning to feel the impact. Iran’s sport...",AAPL,Can Major League Baseball sustain its global momentum?,https://finnhub.io/api/news?id=68eb3d59426677864b9fb8d49a99edebb8cad90a5fe815c9c56f67492a2d1ea0
139409430,"{'category': 'company', 'datetime': 1773478801, 'headline': ""27-year-old Amazon employee relocated from India to Ireland and spends up to $2,927 a month: 'My quality of life has improved'"", 'id': 139409430, 'image': 'https://image.cnbcfm.com/api/v1/image/108278040-1773440832739-260305_mi_06_rel_nayak_dublin_v1300_02_18_00Still015.png?v=1773441234&w=1920&h=1080', 'related': 'AAPL', 'source': 'CNBC', 'summary': 'Suras Nayak moved to Ireland in 2025 and works as a software development engineer at Amazon. ', 'url': 'https://finnhub.io/api/news?id=3150f039a868e96b8d584196595c8a5d2bf20d6a278e2d356f5e587eb051f289'}",1773478801,news,finnhub_news,CNBC,"27-year-old Amazon employee relocated from India to Ireland and spends up to $2,927 a month: 'My quality of life has improved' Suras Nayak moved to Ireland in 2025 and works as a software development engineer at Amazon.",AAPL,"27-year-old Amazon employee relocated from India to Ireland and spends up to $2,927 a month: 'My quality of life has improved'",https://finnhub.io/api/news?id=3150f039a868e96b8d584196595c8a5d2bf20d6a278e2d356f5e587eb051f289
139409432,"{'category': 'company', 'datetime': 1773475201, 'headline': 'Berkshire Hathaway will start repurchasing its own shares—what buybacks mean for investors', 'id': 139409432, 'image': 'https://image.cnbcfm.com/api/v1/image/108274137-1772716073261-SG-Abel-02.jpg?v=1772716146&w=1920&h=1080', 'related': 'AAPL', 'source': 'CNBC', 'summary': 'Large U.S. firms spent about $1 trillion on their own shares in 2025, according to Morningstar estimates. ', 'url': 'https://finnhub.io/api/news?id=b293bb84c23184c5a942f435e28dfbeca00ae2a2be77d6b1b8da88d43bc27bc0'}",1773475201,news,finnhub_news,CNBC,"Berkshire Hathaway will start repurchasing its own shares—what buybacks mean for investors Large U.S. firms spent about $1 trillion on their own shares in 2025, according to Morningstar estimates.",AAPL,Berkshire Hathaway will start repurchasing its own shares—what buybacks mean for investors,https://finnhub.io/api/news?id=b293bb84c23184c5a942f435e28dfbeca00ae2a2be77d6b1b8da88d43bc27bc0
139404023,"{'category': 'company', 'datetime': 1773450124, 'headline': 'Angel Studios Inc (ANGX) Q4 2025 Earnings Call Highlights: Record Revenue Growth Amidst Rising Costs', 'id': 139404023, 'image': 'https://s.yimg.com/rz/stage/p/yahoo_finance_en-US_h_p_finance_2.png', 'related': 'AAPL', 'source': 'Yahoo', 'summary': 'Angel Studios Inc (ANGX) reports a 254% revenue increase and significant guild membership growth, despite facing challenges in profitability and rising marketing expenses.', 'url': 'https://finnhub.io/api/news?id=d033dc83b377487d324bc4b5973f6c77fd44b8e13e128db144ce169ced55a165'}",1773450124,news,finnhub_news,Yahoo,"Angel Studios Inc (ANGX) Q4 2025 Earnings Call Highlights: Record Revenue Growth Amidst Rising Costs Angel Studios Inc (ANGX) reports a 254% revenue increase and significant guild membership growth, despite facing challenges in profitability and rising marketing expenses.",AAPL,Angel Studios Inc (ANGX) Q4 2025 Earnings Call Highlights: Record Revenue Growth Amidst Rising Costs,https://finnhub.io/api/news?id=d033dc83b377487d324bc4b5973f6c77fd44b8e13e128db144ce169ced55a165
139403414,"{'category': 'company', 'datetime': 1773443531, 'headline': 'Apple’s China App Store Fee Cut Tests Services Margins And Regulation', 'id': 139403414, 'image': 'https://s.yimg.com/rz/stage/p/yahoo_finance_en-US_h_p_finance_2.png', 'related': 'AAPL', 'source': 'Yahoo', 'summary': ""Apple has reduced its standard App Store commission in mainland China from 30% to 25% following regulatory pressure. Certain fees will be cut further to 12% for small business and mini app developers, reshaping the economics for many app makers. The move affects Apple in its second largest market and could influence how regulators and platforms approach app store fees elsewhere. For investors watching NasdaqGS:AAPL, this update relates to one of Apple's key service lines rather than its..."", 'url': 'https://finnhub.io/api/news?id=0e3d4713cfbf943de2457310bf0e76e45bc2b8dd12d001967ed7376fb776511c'}",1773443531,news,finnhub_news,Yahoo,"Apple’s China App Store Fee Cut Tests Services Margins And Regulation Apple has reduced its standard App Store commission in mainland China from 30% to 25% following regulatory pressure. Certain fees will be cut further to 12% for small business and mini app developers, reshaping the economics for many app makers. The move affects Apple in its second largest market and could influence how regulators and platforms approach app store fees elsewhere. For investors watching NasdaqGS:AAPL, this update relates to one of Apple's key service lines rather than its...",AAPL,Apple’s China App Store Fee Cut Tests Services Margins And Regulation,https://finnhub.io/api/news?id=0e3d4713cfbf943de2457310bf0e76e45bc2b8dd12d001967ed7376fb776511c
139403415,"{'category': 'company', 'datetime': 1773438303, 'headline': 'Apple (AAPL) Dips More Than Broader Market: What You Should Know', 'id': 139403415, 'image': 'https://s.yimg.com/rz/stage/p/yahoo_finance_en-US_h_p_finance_2.png', 'related': 'AAPL', 'source': 'Yahoo', 'summary': 'Apple (AAPL) closed at $250.12 in the latest trading session, marking a -2.21% move from the prior day.', 'url': 'https://finnhub.io/api/news?id=41e1bd0be01daae357974bbcd112304f72c7c48da2dd9d049dd23eed32d8b71b'}",1773438303,news,finnhub_news,Yahoo,"Apple (AAPL) Dips More Than Broader Market: What You Should Know Apple (AAPL) closed at $250.12 in the latest trading session, marking a -2.21% move from the prior day.",AAPL,Apple (AAPL) Dips More Than Broader Market: What You Should Know,https://finnhub.io/api/news?id=41e1bd0be01daae357974bbcd112304f72c7c48da2dd9d049dd23eed32d8b71b
139403412,"{'category': 'company', 'datetime': 1773434746, 'headline': 'Iran War Drags Stocks Lower', 'id': 139403412, 'image': 'https://s.yimg.com/rz/stage/p/yahoo_finance_en-US_h_p_finance_2.png', 'related': 'AAPL', 'source': 'Yahoo', 'summary': 'The S&P 500 Index ($SPX ) (SPY ) on Friday closed down -0.61%, the Dow Jones Industrial Average ($DOWI ) (DIA ) closed down -0.26%, and the Nasdaq 100 Index ($IUXX ) (QQQ ) closed down -0.62%. March E-mini S&P futures (ESH26 ) fell -0.60%, and March E-mini Nasdaq futures...', 'url': 'https://finnhub.io/api/news?id=92cc5bb01dc1a07e34d1d92e66a5cede5c3c9391bfdeff35f68126b74bdd2f9d'}",1773434746,news,finnhub_news,Yahoo,"Iran War Drags Stocks Lower The S&P 500 Index ($SPX ) (SPY ) on Friday closed down -0.61%, the Dow Jones Industrial Average ($DOWI ) (DIA ) closed down -0.26%, and the Nasdaq 100 Index ($IUXX ) (QQQ ) closed down -0.62%. March E-mini S&P futures (ESH26 ) fell -0.60%, and March E-mini Nasdaq futures...",AAPL,Iran War Drags Stocks Lower,https://finnhub.io/api/news?id=92cc5bb01dc1a07e34d1d92e66a5cede5c3c9391bfdeff35f68126b74bdd2f9d
139402849,"{'category': 'company', 'datetime': 1773432480, 'headline': 'Liberty All-Star® Growth Fund, Inc. February 2026 Monthly Update', 'id': 139402849, 'image': 'https://s.yimg.com/rz/stage/p/yahoo_finance_en-US_h_p_finance_2.png', 'related': 'AAPL', 'source': 'Yahoo', 'summary': 'BOSTON, March 13, 2026--Liberty All-Star® Growth Fund, Inc. February 2026 Monthly Update', 'url': 'https://finnhub.io/api/news?id=ad5bfd0c2dbedcf9346c9cdefcf0b17210aa2b6684a8a8fb73d93085e669cf40'}",1773432480,news,finnhub_news,Yahoo,"Liberty All-Star® Growth Fund, Inc. February 2026 Monthly Update BOSTON, March 13, 2026--Liberty All-Star® Growth Fund, Inc. February 2026 Monthly Update",AAPL,"Liberty All-Star® Growth Fund, Inc. February 2026 Monthly Update",https://finnhub.io/api/news?id=ad5bfd0c2dbedcf9346c9cdefcf0b17210aa2b6684a8a8fb73d93085e669cf40
139402851,"{'category': 'company', 'datetime': 1773429060, 'headline': 'How the Iran War Could Upend AI', 'id': 139402851, 'image': 'https://s.yimg.com/rz/stage/p/yahoo_finance_en-US_h_p_finance_2.png', 'related': 'AAPL', 'source': 'Yahoo', 'summary': 'It isn’t just oil that’s at risk in an extended war. Key chip-making ingredients like helium and bromine come from the Middle East—as does an increasing amount of AI funding.', 'url': 'https://finnhub.io/api/news?id=158316735baa040ee4a5f243902ba9835d8ab34fb623c45a7929834a622d350a'}",1773429060,news,finnhub_news,Yahoo,How the Iran War Could Upend AI It isn’t just oil that’s at risk in an extended war. Key chip-making ingredients like helium and bromine come from the Middle East—as does an increasing amount of AI funding.,AAPL,How the Iran War Could Upend AI,https://finnhub.io/api/news?id=158316735baa040ee4a5f243902ba9835d8ab34fb623c45a7929834a622d350a
139402229,"{'category': 'company', 'datetime': 1773427740, 'headline': 'The Iran War Could Upend AI. Here’s How.', 'id': 139402229, 'image': 'https://s.yimg.com/rz/stage/p/yahoo_finance_en-US_h_p_finance_2.png', 'related': 'AAPL', 'source': 'Yahoo', 'summary': 'It isn’t just oil that’s at risk in an extended war. Key chip-making ingredients like helium and bromine come from the Middle East—as does an increasing amount of AI funding.', 'url': 'https://finnhub.io/api/news?id=11cdb69cdcc66cd8162c55a67918e393f1ab806fba3ccfc1d8cefdeb5d3f1218'}",1773427740,news,finnhub_news,Yahoo,The Iran War Could Upend AI. Here’s How. It isn’t just oil that’s at risk in an extended war. Key chip-making ingredients like helium and bromine come from the Middle East—as does an increasing amount of AI funding.,AAPL,The Iran War Could Upend AI. Here’s How.,https://finnhub.io/api/news?id=11cdb69cdcc66cd8162c55a67918e393f1ab806fba3ccfc1d8cefdeb5d3f1218
139402243,"{'category': 'company', 'datetime': 1773425100, 'headline': 'Does Apple pay dividends? A history of rewarding shareholders', 'id': 139402243, 'image': 'https://s.yimg.com/rz/stage/p/yahoo_finance_en-US_h_p_finance_2.png', 'related': 'AAPL', 'source': 'Yahoo', 'summary': 'Apple is the second-largest company in the world by market value. It also has one of the largest cash piles among U.S. publicly traded companies, and that makes it attractive portfolio fodder for investors. Earnings and cash on hand enable companies to reward investors with dividends, and ...', 'url': 'https://finnhub.io/api/news?id=fc14f7d522bfb322ba8fe0a3b1447e994c84bae79d8f9c1ec33f82936c6ee517'}",1773425100,news,finnhub_news,Yahoo,"Does Apple pay dividends? A history of rewarding shareholders Apple is the second-largest company in the world by market value. It also has one of the largest cash piles among U.S. publicly traded companies, and that makes it attractive portfolio fodder for investors. Earnings and cash on hand enable companies to reward investors with dividends, and ...",AAPL,Does Apple pay dividends? A history of rewarding shareholders,https://finnhub.io/api/news?id=fc14f7d522bfb322ba8fe0a3b1447e994c84bae79d8f9c1ec33f82936c6ee517
139401515,"{'category': 'company', 'datetime': 1773424240, 'headline': 'Himax pops on report linking to Nvida AI optics, Apple smart-glasses', 'id': 139401515, 'image': 'https://s.yimg.com/rz/stage/p/yahoo_finance_en-US_h_p_finance_2.png', 'related': 'AAPL', 'source': 'Yahoo', 'summary': 'Shares of Himax (HIMX) are on the rise Thursday following a report by Hunterbrook saying the company appears to be manufacturing critical optical components for Nvidia’s (NVDA) AI data center revolution. The report also states that, “Clues indicate it may be supplying Apple’s (AAPL) new smart glasses, too.” “At Hunterbrook Media – with the help of Citrini Research – we followed a trail of patents, investments, and supply chain shifts. The upshot: The two customers Himax did not name appear to be', 'url': 'https://finnhub.io/api/news?id=04b5768813f3503565df96211e1110a3b909cc7152044ca57f068fb7efeef4df'}",1773424240,news,finnhub_news,Yahoo,"Himax pops on report linking to Nvida AI optics, Apple smart-glasses Shares of Himax (HIMX) are on the rise Thursday following a report by Hunterbrook saying the company appears to be manufacturing critical optical components for Nvidia’s (NVDA) AI data center revolution. The report also states that, “Clues indicate it may be supplying Apple’s (AAPL) new smart glasses, too.” “At Hunterbrook Media – with the help of Citrini Research – we followed a trail of patents, investments, and supply chain shifts. The upshot: The two customers Himax did not name appear to be",AAPL,"Himax pops on report linking to Nvida AI optics, Apple smart-glasses",https://finnhub.io/api/news?id=04b5768813f3503565df96211e1110a3b909cc7152044ca57f068fb7efeef4df
139401535,"{'category': 'company', 'datetime': 1773422944, 'headline': 'Apple Cuts China App Store Fee to 25% After Regulator Discussions', 'id': 139401535, 'image': 'https://s.yimg.com/rz/stage/p/yahoo_finance_en-US_h_p_finance_2.png', 'related': 'AAPL', 'source': 'Yahoo', 'summary': 'Apple lowers mainland China App Store commission from 30% to 25% and trims mini-app fees to 12%.', 'url': 'https://finnhub.io/api/news?id=145a76d0e89e63bab4b0c0c5fbda28b3c9af26e909984e1b1d8002c27ae540c6'}",1773422944,news,finnhub_news,Yahoo,Apple Cuts China App Store Fee to 25% After Regulator Discussions Apple lowers mainland China App Store commission from 30% to 25% and trims mini-app fees to 12%.,AAPL,Apple Cuts China App Store Fee to 25% After Regulator Discussions,https://finnhub.io/api/news?id=145a76d0e89e63bab4b0c0c5fbda28b3c9af26e909984e1b1d8002c27ae540c6
139401536,"{'category': 'company', 'datetime': 1773422439, 'headline': 'Apple Stock In Focus -- Trims App Store Fees in China by 5%', 'id': 139401536, 'image': 'https://s.yimg.com/rz/stage/p/yahoo_finance_en-US_h_p_finance_2.png', 'related': 'AAPL', 'source': 'Yahoo', 'summary': 'Apple Lowers App Store Fees in China', 'url': 'https://finnhub.io/api/news?id=9e171309b2a75e16649e6189dfb9c2ea94ed76614b29caf761a977e96989543b'}",1773422439,news,finnhub_news,Yahoo,Apple Stock In Focus -- Trims App Store Fees in China by 5% Apple Lowers App Store Fees in China,AAPL,Apple Stock In Focus -- Trims App Store Fees in China by 5%,https://finnhub.io/api/news?id=9e171309b2a75e16649e6189dfb9c2ea94ed76614b29caf761a977e96989543b
139401537,"{'category': 'company', 'datetime': 1773419833, 'headline': 'Apple cuts China App Store commission fees after government pressure', 'id': 139401537, 'image': 'https://s.yimg.com/rz/stage/p/yahoo_finance_en-US_h_p_finance_2.png', 'related': 'AAPL', 'source': 'Yahoo', 'summary': 'The move, which lowers fees to 25%, is a breakthrough for Chinese developers Tencent and ByteDance', 'url': 'https://finnhub.io/api/news?id=c8658472268cca5bbbb776582a4e00ebfafca2dbe51202279304895d16da30ca'}",1773419833,news,finnhub_news,Yahoo,"Apple cuts China App Store commission fees after government pressure The move, which lowers fees to 25%, is a breakthrough for Chinese developers Tencent and ByteDance",AAPL,Apple cuts China App Store commission fees after government pressure,https://finnhub.io/api/news?id=c8658472268cca5bbbb776582a4e00ebfafca2dbe51202279304895d16da30ca
139402596,"{'category': 'company', 'datetime': 1773419569, 'headline': ""'Tech Bubble' Warnings Cost Investors A 550% Nasdaq-100 Run"", 'id': 139402596, 'image': 'https://static.seekingalpha.com/cdn/s3/uploads/getty_images/2161721546/image_2161721546.jpg?io=getty-c-w1536', 'related': 'AAPL', 'source': 'SeekingAlpha', 'summary': 'AI bubble or normal reset? Learn why todayâ\x80\x99s AI cycle looks grounded in fundamentals, what volatility to expect, and how to spot buying opportunitiesâ\x80\x94read...', 'url': 'https://finnhub.io/api/news?id=62129177671c5df665a6d240714ce1e98c998f84a0effd2a3126e187c3c217b4'}",1773419569,news,finnhub_news,SeekingAlpha,"'Tech Bubble' Warnings Cost Investors A 550% Nasdaq-100 Run AI bubble or normal reset? Learn why todayâs AI cycle looks grounded in fundamentals, what volatility to expect, and how to spot buying opportunitiesâread...",AAPL,'Tech Bubble' Warnings Cost Investors A 550% Nasdaq-100 Run,https://finnhub.io/api/news?id=62129177671c5df665a6d240714ce1e98c998f84a0effd2a3126e187c3c217b4
139400144,"{'category': 'company', 'datetime': 1773416499, 'headline': '1 Consumer Stock with Solid Fundamentals and 2 We Turn Down', 'id': 139400144, 'image': 'https://s.yimg.com/rz/stage/p/yahoo_finance_en-US_h_p_finance_2.png', 'related': 'AAPL', 'source': 'Yahoo', 'summary': 'Consumer discretionary businesses are levered to the highs and lows of economic cycles. This sensitive demand profile can cause discretionary stocks to plummet when macro uncertainty enters the fray, and over the past six months, the industry has shed 9.8%. This drawdown is a far cry from the S&P 500’s 2.3% ascent.', 'url': 'https://finnhub.io/api/news?id=407419ff1cefffc69c30ea0b2acc15bb59753d21bfb71d88a2aecd26afeeb794'}",1773416499,news,finnhub_news,Yahoo,"1 Consumer Stock with Solid Fundamentals and 2 We Turn Down Consumer discretionary businesses are levered to the highs and lows of economic cycles. This sensitive demand profile can cause discretionary stocks to plummet when macro uncertainty enters the fray, and over the past six months, the industry has shed 9.8%. This drawdown is a far cry from the S&P 500’s 2.3% ascent.",AAPL,1 Consumer Stock with Solid Fundamentals and 2 We Turn Down,https://finnhub.io/api/news?id=407419ff1cefffc69c30ea0b2acc15bb59753d21bfb71d88a2aecd26afeeb794
139426560,"{'category': 'company', 'datetime': 1773416280, 'headline': ""Dow's 125-point fall led by losses in shares of Salesforce, Apple"", 'id': 139426560, 'image': '', 'related': 'AAPL', 'source': 'MarketWatch', 'summary': ""Dow's 125-point fall led by losses in shares of Salesforce, Apple"", 'url': 'https://finnhub.io/api/news?id=43ec502bcbf499dad2d1e078a1a1e1730e895aac7b36475d61dbbdeb55919d6f'}",1773416280,news,finnhub_news,MarketWatch,"Dow's 125-point fall led by losses in shares of Salesforce, Apple Dow's 125-point fall led by losses in shares of Salesforce, Apple",AAPL,"Dow's 125-point fall led by losses in shares of Salesforce, Apple",https://finnhub.io/api/news?id=43ec502bcbf499dad2d1e078a1a1e1730e895aac7b36475d61dbbdeb55919d6f
139400128,"{'category': 'company', 'datetime': 1773415296, 'headline': 'Top Midday Stories: Adobe Q1 Earnings Top Estimates, to Pay $150 Million Settlement; Nvidia Chips to Fuel ByteDance R&D Outside China', 'id': 139400128, 'image': 'https://s.yimg.com/rz/stage/p/yahoo_finance_en-US_h_p_finance_2.png', 'related': 'AAPL', 'source': 'Yahoo', 'summary': 'The Dow Jones and S&P 500 were up slightly, while the Nasdaq Composite was down in late-morning trad', 'url': 'https://finnhub.io/api/news?id=803bafad707b307c3c1597b66645d3f879168f5a3660c75d430ccffb8679765f'}",1773415296,news,finnhub_news,Yahoo,"Top Midday Stories: Adobe Q1 Earnings Top Estimates, to Pay $150 Million Settlement; Nvidia Chips to Fuel ByteDance R&D Outside China The Dow Jones and S&P 500 were up slightly, while the Nasdaq Composite was down in late-morning trad",AAPL,"Top Midday Stories: Adobe Q1 Earnings Top Estimates, to Pay $150 Million Settlement; Nvidia Chips to Fuel ByteDance R&D Outside China",https://finnhub.io/api/news?id=803bafad707b307c3c1597b66645d3f879168f5a3660c75d430ccffb8679765f
139400130,"{'category': 'company', 'datetime': 1773415020, 'headline': 'Big Tech Stocks Have a Free Cash Flow Problem', 'id': 139400130, 'image': 'https://s.yimg.com/rz/stage/p/yahoo_finance_en-US_h_p_finance_2.png', 'related': 'AAPL', 'source': 'Yahoo', 'summary': 'Stock-based compensation is an issue investors should brush up on, with cash flow being diverted into the AI arms race.', 'url': 'https://finnhub.io/api/news?id=95697741f1c15131a987d84519e8f5ce5f295760ed08ee47a1fd84fa0dcd54ec'}",1773415020,news,finnhub_news,Yahoo,"Big Tech Stocks Have a Free Cash Flow Problem Stock-based compensation is an issue investors should brush up on, with cash flow being diverted into the AI arms race.",AAPL,Big Tech Stocks Have a Free Cash Flow Problem,https://finnhub.io/api/news?id=95697741f1c15131a987d84519e8f5ce5f295760ed08ee47a1fd84fa0dcd54ec
139400147,"{'category': 'company', 'datetime': 1773414734, 'headline': 'Apple drops commission rates in China without a fuss', 'id': 139400147, 'image': 'https://s.yimg.com/rz/stage/p/yahoo_finance_en-US_h_p_finance_2.png', 'related': 'AAPL', 'source': 'Yahoo', 'summary': 'Apple dropped its App Store commission rates to 25% in China, and commissions on auto-renewed subscriptions down to 12%.', 'url': 'https://finnhub.io/api/news?id=a92843efdbad82867a9d53bf753963feebacce694bbfb48267877b2a881de089'}",1773414734,news,finnhub_news,Yahoo,"Apple drops commission rates in China without a fuss Apple dropped its App Store commission rates to 25% in China, and commissions on auto-renewed subscriptions down to 12%.",AAPL,Apple drops commission rates in China without a fuss,https://finnhub.io/api/news?id=a92843efdbad82867a9d53bf753963feebacce694bbfb48267877b2a881de089
139400148,"{'category': 'company', 'datetime': 1773414144, 'headline': 'Memory Inflation Is Real—and Apple Is the Only One Turning It Into an Opportunity', 'id': 139400148, 'image': 'https://s.yimg.com/rz/stage/p/yahoo_finance_en-US_h_p_finance_2.png', 'related': 'AAPL', 'source': 'Yahoo', 'summary': 'If you’re in the market for a new laptop, smartphone, tablet, or even a gaming console, things could get a whole lot pricier as inflation on memory and storage products heats up, thanks to unprecedented demand from AI data centers. Micron (NASDAQ:MU) moved on from the consumer RAM market at the end of last year, ... Memory Inflation Is Real—and Apple Is the Only One Turning It Into an Opportunity', 'url': 'https://finnhub.io/api/news?id=41949cb89cf48c44770055d2ce93526acccb994138df74dbc48a9da61e57cd70'}",1773414144,news,finnhub_news,Yahoo,"Memory Inflation Is Real—and Apple Is the Only One Turning It Into an Opportunity If you’re in the market for a new laptop, smartphone, tablet, or even a gaming console, things could get a whole lot pricier as inflation on memory and storage products heats up, thanks to unprecedented demand from AI data centers. Micron (NASDAQ:MU) moved on from the consumer RAM market at the end of last year, ... Memory Inflation Is Real—and Apple Is the Only One Turning It Into an Opportunity",AAPL,Memory Inflation Is Real—and Apple Is the Only One Turning It Into an Opportunity,https://finnhub.io/api/news?id=41949cb89cf48c44770055d2ce93526acccb994138df74dbc48a9da61e57cd70
139400149,"{'category': 'company', 'datetime': 1773413940, 'headline': 'Meta Delays New AI Model. Its Loss Could Be Google’s Gain.', 'id': 139400149, 'image': 'https://s.yimg.com/rz/stage/p/yahoo_finance_en-US_h_p_finance_2.png', 'related': 'AAPL', 'source': 'Yahoo', 'summary': 'The social-media company is struggling to develop a bot that can match its peers and might even have to license Google technology, according to a report.  Meta hasn’t launched a cutting-edge AI model since its Llama 3 release back in 2024.  Meta did release two versions of its Llama 4 AI model last year, but they were smaller models designed to run efficiently on limited hardware and were meant to be followed by a larger edition called “Behemoth.”', 'url': 'https://finnhub.io/api/news?id=c157475e9c0f698929cf3b2e4c02aa198f2d15ac488c2810dfef41b91861fe5f'}",1773413940,news,finnhub_news,Yahoo,"Meta Delays New AI Model. Its Loss Could Be Google’s Gain. The social-media company is struggling to develop a bot that can match its peers and might even have to license Google technology, according to a report. Meta hasn’t launched a cutting-edge AI model since its Llama 3 release back in 2024. Meta did release two versions of its Llama 4 AI model last year, but they were smaller models designed to run efficiently on limited hardware and were meant to be followed by a larger edition called “Behemoth.”",AAPL,Meta Delays New AI Model. Its Loss Could Be Google’s Gain.,https://finnhub.io/api/news?id=c157475e9c0f698929cf3b2e4c02aa198f2d15ac488c2810dfef41b91861fe5f
139401538,"{'category': 'company', 'datetime': 1773413460, 'headline': 'SoundHound vs. Amazon: Which AI Voice Assistant Stock Wins?', 'id': 139401538, 'image': 'https://s.yimg.com/rz/stage/p/yahoo_finance_en-US_h_p_finance_2.png', 'related': 'AAPL', 'source': 'Yahoo', 'summary': ""Is AMZN's vast AI ecosystem and AWS growth enough to outshine SOUN's fast-growing voice AI platform in the race for voice assistant leadership?"", 'url': 'https://finnhub.io/api/news?id=97bc681123d50611e1409ad086e7342a21e339ed5ccca0d1882b9132f3cf8f38'}",1773413460,news,finnhub_news,Yahoo,SoundHound vs. Amazon: Which AI Voice Assistant Stock Wins? Is AMZN's vast AI ecosystem and AWS growth enough to outshine SOUN's fast-growing voice AI platform in the race for voice assistant leadership?,AAPL,SoundHound vs. Amazon: Which AI Voice Assistant Stock Wins?,https://finnhub.io/api/news?id=97bc681123d50611e1409ad086e7342a21e339ed5ccca0d1882b9132f3cf8f38
139400150,"{'category': 'company', 'datetime': 1773412020, 'headline': ""You Won't Believe How Much Money Berkshire Hathaway Gets From Apple Dividends"", 'id': 139400150, 'image': 'https://s.yimg.com/rz/stage/p/yahoo_finance_en-US_h_p_finance_2.png', 'related': 'AAPL', 'source': 'Yahoo', 'summary': 'The Buffett favorite offers growth and passive income.', 'url': 'https://finnhub.io/api/news?id=db4afce4fefc76e2db705db94e3043c179705fca9a231ff47b5ef3ec86c4ab71'}",1773412020,news,finnhub_news,Yahoo,You Won't Believe How Much Money Berkshire Hathaway Gets From Apple Dividends The Buffett favorite offers growth and passive income.,AAPL,You Won't Believe How Much Money Berkshire Hathaway Gets From Apple Dividends,https://finnhub.io/api/news?id=db4afce4fefc76e2db705db94e3043c179705fca9a231ff47b5ef3ec86c4ab71
139400151,"{'category': 'company', 'datetime': 1773411075, 'headline': 'Apple’s 5% iOS fee cut in China: These companies are most affected', 'id': 139400151, 'image': 'https://s.yimg.com/rz/stage/p/yahoo_finance_en-US_h_p_finance_2.png', 'related': 'AAPL', 'source': 'Yahoo', 'summary': 'Investing.com -- Apple’s decision to cut iOS commissions in China by 5ppt will modestly boost earnings for several major internet platforms, according to Morgan Stanley analyst Gary Yu.', 'url': 'https://finnhub.io/api/news?id=59b77e866e175cd52e3b9bcef496f33d2a256fc358e8a83c4b8ba701958317fe'}",1773411075,news,finnhub_news,Yahoo,"Apple’s 5% iOS fee cut in China: These companies are most affected Investing.com -- Apple’s decision to cut iOS commissions in China by 5ppt will modestly boost earnings for several major internet platforms, according to Morgan Stanley analyst Gary Yu.",AAPL,Apple’s 5% iOS fee cut in China: These companies are most affected,https://finnhub.io/api/news?id=59b77e866e175cd52e3b9bcef496f33d2a256fc358e8a83c4b8ba701958317fe
139400152,"{'category': 'company', 'datetime': 1773410498, 'headline': 'Apple Cuts App Store Fees in China After Regulatory Pressure', 'id': 139400152, 'image': 'https://s.yimg.com/rz/stage/p/yahoo_finance_en-US_h_p_finance_2.png', 'related': 'AAPL', 'source': 'Yahoo', 'summary': 'Commission reductions are expected to save Chinese developers hundreds of millions annually.', 'url': 'https://finnhub.io/api/news?id=2b4c56cbe26f2c9a50983843fabf6f41cbc4b2ab304223d9429419c7997cadb7'}",1773410498,news,finnhub_news,Yahoo,Apple Cuts App Store Fees in China After Regulatory Pressure Commission reductions are expected to save Chinese developers hundreds of millions annually.,AAPL,Apple Cuts App Store Fees in China After Regulatory Pressure,https://finnhub.io/api/news?id=2b4c56cbe26f2c9a50983843fabf6f41cbc4b2ab304223d9429419c7997cadb7
139407907,"{'category': 'company', 'datetime': 1773410472, 'headline': ""Tim Cook Quit A Safe IBM Job For A Struggling Apple After Asking Himself One Question— 'I Was Warned...'"", 'id': 139407907, 'image': 'https://cdn.benzinga.com/files/images/story/2026/03/13/Tim-Cook--Chief-Executive-Officer-Of-App.jpeg?width=2048&height=1536', 'related': 'AAPL', 'source': 'Benzinga', 'summary': 'In a letter to young creators,\xa0Apple Inc.&#39;s\xa0(NASDAQ: AAPL) CEO, Tim Cook, discloses the crucial question that steered his choice to join the then-ailing tech giant.', 'url': 'https://finnhub.io/api/news?id=6ca6b36e2eef330779a971dcabbf6daed645463480b9f6e1c0b04237a3d3e3b8'}",1773410472,news,finnhub_news,Benzinga,"Tim Cook Quit A Safe IBM Job For A Struggling Apple After Asking Himself One Question— 'I Was Warned...' In a letter to young creators, Apple Inc.&#39;s (NASDAQ: AAPL) CEO, Tim Cook, discloses the crucial question that steered his choice to join the then-ailing tech giant.",AAPL,Tim Cook Quit A Safe IBM Job For A Struggling Apple After Asking Himself One Question— 'I Was Warned...',https://finnhub.io/api/news?id=6ca6b36e2eef330779a971dcabbf6daed645463480b9f6e1c0b04237a3d3e3b8
139400153,"{'category': 'company', 'datetime': 1773410101, 'headline': 'AMD vs. TSMC: Which Chip Stock Actually Delivers the Smarter Return in 2026?', 'id': 139400153, 'image': 'https://s.yimg.com/rz/stage/p/yahoo_finance_en-US_h_p_finance_2.png', 'related': 'AAPL', 'source': 'Yahoo', 'summary': 'Both Taiwan Semiconductor (NASDAQ:TSM) and Advanced Micro Devices (NASDAQ:AMD) have been great long-term picks for investors. That’s a fact most investors are well aware of. That said, these companies are very different in terms of their business models and underlying fundamentals. Let’s dive into the key differences, and which stock may be a better bet for long-term ... AMD vs. TSMC: Which Chip Stock Actually Delivers the Smarter Return in 2026?', 'url': 'https://finnhub.io/api/news?id=f07a03fbeeb40d8dd089ac0d49c28aeddecfeab75d1fbccdf6eac56c68338908'}",1773410101,news,finnhub_news,Yahoo,"AMD vs. TSMC: Which Chip Stock Actually Delivers the Smarter Return in 2026? Both Taiwan Semiconductor (NASDAQ:TSM) and Advanced Micro Devices (NASDAQ:AMD) have been great long-term picks for investors. That’s a fact most investors are well aware of. That said, these companies are very different in terms of their business models and underlying fundamentals. Let’s dive into the key differences, and which stock may be a better bet for long-term ... AMD vs. TSMC: Which Chip Stock Actually Delivers the Smarter Return in 2026?",AAPL,AMD vs. TSMC: Which Chip Stock Actually Delivers the Smarter Return in 2026?,https://finnhub.io/api/news?id=f07a03fbeeb40d8dd089ac0d49c28aeddecfeab75d1fbccdf6eac56c68338908
139407866,"{'category': 'company', 'datetime': 1773408919, 'headline': ""9 Information Technology Stocks Whale Activity In Today's Session"", 'id': 139407866, 'image': 'https://cdn.benzinga.com/files/images/story/2025/11/06/aggregated_options_2.jpg?width=2048&height=1536', 'related': 'AAPL', 'source': 'Benzinga', 'summary': ' ', 'url': 'https://finnhub.io/api/news?id=ea1399c5202af51d4564096cbc8e28244c1f0a5d98acfe220cbd9776c3611d84'}",1773408919,news,finnhub_news,Benzinga,9 Information Technology Stocks Whale Activity In Today's Session,AAPL,9 Information Technology Stocks Whale Activity In Today's Session,https://finnhub.io/api/news?id=ea1399c5202af51d4564096cbc8e28244c1f0a5d98acfe220cbd9776c3611d84
139398129,"{'category': 'company', 'datetime': 1773408900, 'headline': 'Up Over 100% in 1 Year, Should You Buy Taiwan Semiconductor Manufacturing Company Right Now?', 'id': 139398129, 'image': 'https://s.yimg.com/rz/stage/p/yahoo_finance_en-US_h_p_finance_2.png', 'related': 'AAPL', 'source': 'Yahoo', 'summary': ""There aren't many companies I trust more in the long term."", 'url': 'https://finnhub.io/api/news?id=157ccbfd627a9462fb07a9803d21420850371c5f9b15b71614b03bf38dd36f7d'}",1773408900,news,finnhub_news,Yahoo,"Up Over 100% in 1 Year, Should You Buy Taiwan Semiconductor Manufacturing Company Right Now? There aren't many companies I trust more in the long term.",AAPL,"Up Over 100% in 1 Year, Should You Buy Taiwan Semiconductor Manufacturing Company Right Now?",https://finnhub.io/api/news?id=157ccbfd627a9462fb07a9803d21420850371c5f9b15b71614b03bf38dd36f7d
139398131,"{'category': 'company', 'datetime': 1773408472, 'headline': 'MAGS vs QQQ: The Concentrated ETF Bet That Cuts Both Ways', 'id': 139398131, 'image': 'https://s.yimg.com/rz/stage/p/yahoo_finance_en-US_h_p_finance_2.png', 'related': 'AAPL', 'source': 'Yahoo', 'summary': 'Most investors who own the Magnificent Seven already own them, scattered across index funds, QQQ, and individual positions. MAGS and WCBR represent two very different answers to the same question: how do you build a deliberate, concentrated bet on a specific corner of the market, and what do you give up to do it? What ... MAGS vs QQQ: The Concentrated ETF Bet That Cuts Both Ways', 'url': 'https://finnhub.io/api/news?id=c1056dfc79475b7b17b1f395157f3c8b020a74115acc7bce2de75f6d5274d85a'}",1773408472,news,finnhub_news,Yahoo,"MAGS vs QQQ: The Concentrated ETF Bet That Cuts Both Ways Most investors who own the Magnificent Seven already own them, scattered across index funds, QQQ, and individual positions. MAGS and WCBR represent two very different answers to the same question: how do you build a deliberate, concentrated bet on a specific corner of the market, and what do you give up to do it? What ... MAGS vs QQQ: The Concentrated ETF Bet That Cuts Both Ways",AAPL,MAGS vs QQQ: The Concentrated ETF Bet That Cuts Both Ways,https://finnhub.io/api/news?id=c1056dfc79475b7b17b1f395157f3c8b020a74115acc7bce2de75f6d5274d85a
139398132,"{'category': 'company', 'datetime': 1773408300, 'headline': 'The Best Stocks to Invest $1,000 in Right Now', 'id': 139398132, 'image': 'https://s.yimg.com/rz/stage/p/yahoo_finance_en-US_h_p_finance_2.png', 'related': 'AAPL', 'source': 'Yahoo', 'summary': 'Apple and Amazon are two top stocks to buy now.', 'url': 'https://finnhub.io/api/news?id=68dbe4d0f48dc61257199c7fd81f1e93100212ec883fd7bc0e738eab17c9f380'}",1773408300,news,finnhub_news,Yahoo,"The Best Stocks to Invest $1,000 in Right Now Apple and Amazon are two top stocks to buy now.",AAPL,"The Best Stocks to Invest $1,000 in Right Now",https://finnhub.io/api/news?id=68dbe4d0f48dc61257199c7fd81f1e93100212ec883fd7bc0e738eab17c9f380
139398150,"{'category': 'company', 'datetime': 1773408240, 'headline': 'Meta Is Falling Behind in AI Models. Its Loss Could Be Google’s Gain, Report Says.', 'id': 139398150, 'image': 'https://s.yimg.com/rz/stage/p/yahoo_finance_en-US_h_p_finance_2.png', 'related': 'AAPL', 'source': 'Yahoo', 'summary': 'The social-media company is struggling to develop a bot that can match its peers and might even have to license Google technology, according to a report.  Meta hasn’t launched a cutting-edge AI model since its Llama 3 release back in 2024.  Meta did release two versions of its Llama 4 AI model last year, but they were smaller models designed to run efficiently on limited hardware and were meant to be followed by a larger edition called “Behemoth.”', 'url': 'https://finnhub.io/api/news?id=53a8fabd8a6105d3810d1a617234b47695f0b1043e338ffa0f75b25d7331d7e7'}",1773408240,news,finnhub_news,Yahoo,"Meta Is Falling Behind in AI Models. Its Loss Could Be Google’s Gain, Report Says. The social-media company is struggling to develop a bot that can match its peers and might even have to license Google technology, according to a report. Meta hasn’t launched a cutting-edge AI model since its Llama 3 release back in 2024. Meta did release two versions of its Llama 4 AI model last year, but they were smaller models designed to run efficiently on limited hardware and were meant to be followed by a larger edition called “Behemoth.”",AAPL,"Meta Is Falling Behind in AI Models. Its Loss Could Be Google’s Gain, Report Says.",https://finnhub.io/api/news?id=53a8fabd8a6105d3810d1a617234b47695f0b1043e338ffa0f75b25d7331d7e7
139408187,"{'category': 'company', 'datetime': 1773405250, 'headline': 'Apple Gets Early Formula 1 Ratings Win: Are F1 Rights Being Underestimated By Investors?', 'id': 139408187, 'image': 'https://cdn.benzinga.com/files/images/story/2026/03/13/Abu-Dhabi--United-Arab-Emirates---Decemb.jpeg?width=2048&height=1536', 'related': 'AAPL', 'source': 'Benzinga', 'summary': 'Formula 1 is now exclusive to AppleTV for U.S. customers. The first race broke records and could be good news for Apple stock.', 'url': 'https://finnhub.io/api/news?id=e69a5469773340d9361c381a00ff5eb682a26d4b4430bdf8500334f530ba9ba8'}",1773405250,news,finnhub_news,Benzinga,Apple Gets Early Formula 1 Ratings Win: Are F1 Rights Being Underestimated By Investors? Formula 1 is now exclusive to AppleTV for U.S. customers. The first race broke records and could be good news for Apple stock.,AAPL,Apple Gets Early Formula 1 Ratings Win: Are F1 Rights Being Underestimated By Investors?,https://finnhub.io/api/news?id=e69a5469773340d9361c381a00ff5eb682a26d4b4430bdf8500334f530ba9ba8
139400615,"{'category': 'company', 'datetime': 1773404580, 'headline': 'Invesco Rising Dividends Fund Q4 2025 Portfolio Activity', 'id': 139400615, 'image': 'https://static.seekingalpha.com/cdn/s3/uploads/getty_images/2223333380/image_2223333380.jpg?io=getty-c-w1536', 'related': 'AAPL', 'source': 'SeekingAlpha', 'summary': 'Linde was purchased due to its essential and resilient business model, anchored by long-term contracts and leadership in industrial gases.', 'url': 'https://finnhub.io/api/news?id=20b02227f0259a63fa62b17aa6741ddcb163af4dfdf83911f4035b6e60a895b0'}",1773404580,news,finnhub_news,SeekingAlpha,"Invesco Rising Dividends Fund Q4 2025 Portfolio Activity Linde was purchased due to its essential and resilient business model, anchored by long-term contracts and leadership in industrial gases.",AAPL,Invesco Rising Dividends Fund Q4 2025 Portfolio Activity,https://finnhub.io/api/news?id=20b02227f0259a63fa62b17aa6741ddcb163af4dfdf83911f4035b6e60a895b0
139407858,"{'category': 'company', 'datetime': 1773404235, 'headline': 'Investors Complacent Even As Nuclear Base Alert Signals Rising Risk; Inflation Still Headed Higher', 'id': 139407858, 'image': '', 'related': 'AAPL', 'source': 'Benzinga', 'summary': '\n\n\n\nInflation Elevated\n\n\n', 'url': 'https://finnhub.io/api/news?id=69025bcba6449086e4686a0f9003dbf2b0fa07264e05cc87b3b1fce797a6d94b'}",1773404235,news,finnhub_news,Benzinga,Investors Complacent Even As Nuclear Base Alert Signals Rising Risk; Inflation Still Headed Higher Inflation Elevated,AAPL,Investors Complacent Even As Nuclear Base Alert Signals Rising Risk; Inflation Still Headed Higher,https://finnhub.io/api/news?id=69025bcba6449086e4686a0f9003dbf2b0fa07264e05cc87b3b1fce797a6d94b
139398151,"{'category': 'company', 'datetime': 1773402300, 'headline': 'Apple Reduces China App Store Fees as It Fends Off Pressure From Beijing', 'id': 139398151, 'image': 'https://s.yimg.com/rz/stage/p/yahoo_finance_en-US_h_p_finance_2.png', 'related': 'AAPL', 'source': 'Yahoo', 'summary': 'The company will lower the cut it takes from app developers for China App Store transactions to 25% from 30%.', 'url': 'https://finnhub.io/api/news?id=2636008eb55a7a98e414bce050cc2588e79267aca1cddd1964b8fb2df2c65a22'}",1773402300,news,finnhub_news,Yahoo,Apple Reduces China App Store Fees as It Fends Off Pressure From Beijing The company will lower the cut it takes from app developers for China App Store transactions to 25% from 30%.,AAPL,Apple Reduces China App Store Fees as It Fends Off Pressure From Beijing,https://finnhub.io/api/news?id=2636008eb55a7a98e414bce050cc2588e79267aca1cddd1964b8fb2df2c65a22
139408159,"{'category': 'company', 'datetime': 1773399661, 'headline': 'Apple Slashes App Store Fees In China To Dodge Massive Antitrust Probe', 'id': 139408159, 'image': 'https://cdn.benzinga.com/files/images/story/2026/03/13/Apple--Inc-China.jpeg?width=2048&height=1536', 'related': 'AAPL', 'source': 'Benzinga', 'summary': 'The fee reduction is part of broader global scrutiny of Apple&#39;s &#34;Apple Tax,&#34; which has been a focal point of antitrust discussions worldwide.', 'url': 'https://finnhub.io/api/news?id=889b180c111437d2d0ed661f34fedaa3fc48979f8f45ec73212e83add8db8524'}",1773399661,news,finnhub_news,Benzinga,"Apple Slashes App Store Fees In China To Dodge Massive Antitrust Probe The fee reduction is part of broader global scrutiny of Apple&#39;s &#34;Apple Tax,&#34; which has been a focal point of antitrust discussions worldwide.",AAPL,Apple Slashes App Store Fees In China To Dodge Massive Antitrust Probe,https://finnhub.io/api/news?id=889b180c111437d2d0ed661f34fedaa3fc48979f8f45ec73212e83add8db8524
139397181,"{'category': 'company', 'datetime': 1773396420, 'headline': ""Reliance Digital Launches 'Take The First Bite' Campaign for Apple's Latest Devices"", 'id': 139397181, 'image': 'https://s.yimg.com/rz/stage/p/yahoo_finance_en-US_h_p_finance_2.png', 'related': 'AAPL', 'source': 'Yahoo', 'summary': ""Reliance Digital, India's leading consumer electronics retailer, has announced the launch of Apple's latest range of devices across its nationwide store network and online platform, inviting customers to be among the first to experience the brand's newest innovations through its 'Take The First Bite' campaign."", 'url': 'https://finnhub.io/api/news?id=cfd9a643abfb836a686ee8ca2cb8f5c7fb5b3a634397f4a3f0382771aae32dcf'}",1773396420,news,finnhub_news,Yahoo,"Reliance Digital Launches 'Take The First Bite' Campaign for Apple's Latest Devices Reliance Digital, India's leading consumer electronics retailer, has announced the launch of Apple's latest range of devices across its nationwide store network and online platform, inviting customers to be among the first to experience the brand's newest innovations through its 'Take The First Bite' campaign.",AAPL,Reliance Digital Launches 'Take The First Bite' Campaign for Apple's Latest Devices,https://finnhub.io/api/news?id=cfd9a643abfb836a686ee8ca2cb8f5c7fb5b3a634397f4a3f0382771aae32dcf
139398630,"{'category': 'company', 'datetime': 1773396031, 'headline': 'Read This Before Nvidia GTC 2026: Agentic AI And LPU', 'id': 139398630, 'image': 'https://static.seekingalpha.com/cdn/s3/uploads/getty_images/1412721464/image_1412721464.jpg?io=getty-c-w1536', 'related': 'AAPL', 'source': 'SeekingAlpha', 'summary': 'Nvidia CEO Jensen Huang hints at agentic AI at GTC; a Groq-based LPU could boost inference, defend its moat, and more. Click for this NVDA stock update.', 'url': 'https://finnhub.io/api/news?id=3dc3588d6ffad44ec58564eb636acec4b278eded58b2e63083dace35cca6eb7c'}",1773396031,news,finnhub_news,SeekingAlpha,"Read This Before Nvidia GTC 2026: Agentic AI And LPU Nvidia CEO Jensen Huang hints at agentic AI at GTC; a Groq-based LPU could boost inference, defend its moat, and more. Click for this NVDA stock update.",AAPL,Read This Before Nvidia GTC 2026: Agentic AI And LPU,https://finnhub.io/api/news?id=3dc3588d6ffad44ec58564eb636acec4b278eded58b2e63083dace35cca6eb7c
139397182,"{'category': 'company', 'datetime': 1773396000, 'headline': 'Luxury outdoor mall Victoria Gardens sold for more than $500 million', 'id': 139397182, 'image': 'https://s.yimg.com/rz/stage/p/yahoo_finance_en-US_h_p_finance_2.png', 'related': 'AAPL', 'source': 'Yahoo', 'summary': 'Victoria Gardens sold', 'url': 'https://finnhub.io/api/news?id=bbd90ed55443b208b8db0d90b92b0844c7657e49cf5b2a9681ff9958cd2973de'}",1773396000,news,finnhub_news,Yahoo,Luxury outdoor mall Victoria Gardens sold for more than $500 million Victoria Gardens sold,AAPL,Luxury outdoor mall Victoria Gardens sold for more than $500 million,https://finnhub.io/api/news?id=bbd90ed55443b208b8db0d90b92b0844c7657e49cf5b2a9681ff9958cd2973de
139397183,"{'category': 'company', 'datetime': 1773395192, 'headline': 'Apple Cuts China Fees in Big Concession to Beijing and Tencent', 'id': 139397183, 'image': 'https://s.yimg.com/rz/stage/p/yahoo_finance_en-US_h_p_finance_2.png', 'related': 'AAPL', 'source': 'Yahoo', 'summary': 'The company said in a statement on Thursday that its typical commission on purchases will drop to 25% from 30% for its mainland China App Store.  The move is effective March 15 and applies to apps for both iOS and iPadOS, Apple said on its developer website, noting the shift follows “discussions with the Chinese regulator.”  The iPhone maker is also trimming the rate for mini apps — the lightweight programs that run within platforms like Tencent Holdings Ltd.’s WeChat — to 12% from 15%.', 'url': 'https://finnhub.io/api/news?id=3722faf0dbe9b2dbce2f808769f06c2853ff7abd9fbf94d86b0ded612baf76cf'}",1773395192,news,finnhub_news,Yahoo,"Apple Cuts China Fees in Big Concession to Beijing and Tencent The company said in a statement on Thursday that its typical commission on purchases will drop to 25% from 30% for its mainland China App Store. The move is effective March 15 and applies to apps for both iOS and iPadOS, Apple said on its developer website, noting the shift follows “discussions with the Chinese regulator.” The iPhone maker is also trimming the rate for mini apps — the lightweight programs that run within platforms like Tencent Holdings Ltd.’s WeChat — to 12% from 15%.",AAPL,Apple Cuts China Fees in Big Concession to Beijing and Tencent,https://finnhub.io/api/news?id=3722faf0dbe9b2dbce2f808769f06c2853ff7abd9fbf94d86b0ded612baf76cf
139396487,"{'category': 'company', 'datetime': 1773385260, 'headline': 'Apple Cuts App Store Fees in China as Regulatory Scrutiny Intensifies', 'id': 139396487, 'image': 'https://s.yimg.com/rz/stage/p/yahoo_finance_en-US_h_p_finance_2.png', 'related': 'AAPL', 'source': 'Yahoo', 'summary': 'The iPhone maker said it would lower the commission it charges on digital sales in China to 25% from 30% following discussions with regulators.', 'url': 'https://finnhub.io/api/news?id=42b0386331fbcd4787ad6ab9f876e6045e137565e4cf210332adb707a022dc6c'}",1773385260,news,finnhub_news,Yahoo,Apple Cuts App Store Fees in China as Regulatory Scrutiny Intensifies The iPhone maker said it would lower the commission it charges on digital sales in China to 25% from 30% following discussions with regulators.,AAPL,Apple Cuts App Store Fees in China as Regulatory Scrutiny Intensifies,https://finnhub.io/api/news?id=42b0386331fbcd4787ad6ab9f876e6045e137565e4cf210332adb707a022dc6c
139395329,"{'category': 'company', 'datetime': 1773380779, 'headline': 'Rosenblatt Lifts PT on Apple, Maintains Netural Rating', 'id': 139395329, 'image': 'https://s.yimg.com/rz/stage/p/yahoo_finance_en-US_h_p_finance_2.png', 'related': 'AAPL', 'source': 'Yahoo', 'summary': 'Apple Inc. (NASDAQ:AAPL) is one of the 11 Best Large-Cap Tech Stocks to Invest In. On March 5, TheFly reported that Barton Crockett of Rosenblatt Securities increased the price target on Apple Inc. (NASDAQ:AAPL) from $267 to $268, maintaining the Neutral rating on the iPhone maker. Crockett remains positive on Apple following the company’s recent […]', 'url': 'https://finnhub.io/api/news?id=a8ac63d5e51f3cc599bed02565dbfdd0032dfd28442f0400d61afe6d8f21404f'}",1773380779,news,finnhub_news,Yahoo,"Rosenblatt Lifts PT on Apple, Maintains Netural Rating Apple Inc. (NASDAQ:AAPL) is one of the 11 Best Large-Cap Tech Stocks to Invest In. On March 5, TheFly reported that Barton Crockett of Rosenblatt Securities increased the price target on Apple Inc. (NASDAQ:AAPL) from $267 to $268, maintaining the Neutral rating on the iPhone maker. Crockett remains positive on Apple following the company’s recent […]",AAPL,"Rosenblatt Lifts PT on Apple, Maintains Netural Rating",https://finnhub.io/api/news?id=a8ac63d5e51f3cc599bed02565dbfdd0032dfd28442f0400d61afe6d8f21404f
139398934,"{'category': 'company', 'datetime': 1773380405, 'headline': 'Elon Musk Congratulates Apple As Tim Cook Marks 50-Year Milestone', 'id': 139398934, 'image': 'https://cdn.benzinga.com/files/images/story/2026/03/13/Hong-Kong--China---December-10--2016-App.jpeg?width=2048&height=1536', 'related': 'AAPL', 'source': 'Benzinga', 'summary': 'Apple CEO Tim Cook celebrated the company&#39;s upcoming 50th anniversary by reflecting on its innovation and impact.', 'url': 'https://finnhub.io/api/news?id=fc4febd8105e6d88f6f00cf234105a09fdd1715fee22165f5fd54d4bc7c88285'}",1773380405,news,finnhub_news,Benzinga,Elon Musk Congratulates Apple As Tim Cook Marks 50-Year Milestone Apple CEO Tim Cook celebrated the company&#39;s upcoming 50th anniversary by reflecting on its innovation and impact.,AAPL,Elon Musk Congratulates Apple As Tim Cook Marks 50-Year Milestone,https://finnhub.io/api/news?id=fc4febd8105e6d88f6f00cf234105a09fdd1715fee22165f5fd54d4bc7c88285
139395331,"{'category': 'company', 'datetime': 1773373800, 'headline': 'Apple Cuts App Store Commission Fees in China', 'id': 139395331, 'image': 'https://s.yimg.com/rz/stage/p/yahoo_finance_en-US_h_p_finance_2.png', 'related': 'AAPL', 'source': 'Yahoo', 'summary': 'The commission rate for standard Apple in-app purchases and paid app transactions will be reduced to 25% from 30% starting March 15.', 'url': 'https://finnhub.io/api/news?id=b42de4cca0b4bf1e26080c9d46b8c1716cc792c54e61df252a07db9c56c3c396'}",1773373800,news,finnhub_news,Yahoo,Apple Cuts App Store Commission Fees in China The commission rate for standard Apple in-app purchases and paid app transactions will be reduced to 25% from 30% starting March 15.,AAPL,Apple Cuts App Store Commission Fees in China,https://finnhub.io/api/news?id=b42de4cca0b4bf1e26080c9d46b8c1716cc792c54e61df252a07db9c56c3c396
139394223,"{'category': 'company', 'datetime': 1773364800, 'headline': 'The Best Warren Buffett Stocks to Buy With $1,000 Right Now', 'id': 139394223, 'image': 'https://s.yimg.com/rz/stage/p/yahoo_finance_en-US_h_p_finance_2.png', 'related': 'AAPL', 'source': 'Yahoo', 'summary': 'Buy these Warren Buffett stocks to begin building a long-term portfolio.', 'url': 'https://finnhub.io/api/news?id=16fdbbab1a0babb2072e55e54cf32333d2c9071494c620d487428115a6bb4a55'}",1773364800,news,finnhub_news,Yahoo,"The Best Warren Buffett Stocks to Buy With $1,000 Right Now Buy these Warren Buffett stocks to begin building a long-term portfolio.",AAPL,"The Best Warren Buffett Stocks to Buy With $1,000 Right Now",https://finnhub.io/api/news?id=16fdbbab1a0babb2072e55e54cf32333d2c9071494c620d487428115a6bb4a55
139394228,"{'category': 'company', 'datetime': 1773361011, 'headline': 'Why Is Himax (HIMX) Stock Soaring Today', 'id': 139394228, 'image': 'https://s.yimg.com/rz/stage/p/yahoo_finance_en-US_h_p_finance_2.png', 'related': 'AAPL', 'source': 'Yahoo', 'summary': 'Shares of semiconductor maker Himax Technologies (NASDAQ:HIMX) jumped 11.7% in the afternoon session after a report from Hunterbrook Media argued the display components supplier could play a big role in next-generation AI infrastructure.', 'url': 'https://finnhub.io/api/news?id=16f497f7b52573a63f28cd1f277da380fc23a7ab0843b38669c3b93ab04d46f0'}",1773361011,news,finnhub_news,Yahoo,Why Is Himax (HIMX) Stock Soaring Today Shares of semiconductor maker Himax Technologies (NASDAQ:HIMX) jumped 11.7% in the afternoon session after a report from Hunterbrook Media argued the display components supplier could play a big role in next-generation AI infrastructure.,AAPL,Why Is Himax (HIMX) Stock Soaring Today,https://finnhub.io/api/news?id=16f497f7b52573a63f28cd1f277da380fc23a7ab0843b38669c3b93ab04d46f0
139393510,"{'category': 'company', 'datetime': 1773353820, 'headline': 'Apple and Samsung are going to war, and this changes everything', 'id': 139393510, 'image': 'https://s.yimg.com/rz/stage/p/yahoo_finance_en-US_h_p_finance_2.png', 'related': 'AAPL', 'source': 'Yahoo', 'summary': ""For years, iPhone users have had to watch iPad owners do something their phones simply could not: run two apps at the same time. That changes this fall. Apple's first foldable iPhone, set to debut in September 2026, will ship with a reimagined version of iOS that lets users open two apps side by ..."", 'url': 'https://finnhub.io/api/news?id=769f32d4fd766d74ada4f08536f371450cb9b1c828b32f11c37564e9ffc10750'}",1773353820,news,finnhub_news,Yahoo,"Apple and Samsung are going to war, and this changes everything For years, iPhone users have had to watch iPad owners do something their phones simply could not: run two apps at the same time. That changes this fall. Apple's first foldable iPhone, set to debut in September 2026, will ship with a reimagined version of iOS that lets users open two apps side by ...",AAPL,"Apple and Samsung are going to war, and this changes everything",https://finnhub.io/api/news?id=769f32d4fd766d74ada4f08536f371450cb9b1c828b32f11c37564e9ffc10750
139393506,"{'category': 'company', 'datetime': 1773352140, 'headline': 'Monster, Palantir, and Other Stocks That Can Weather the Market Storm', 'id': 139393506, 'image': 'https://s.yimg.com/rz/stage/p/yahoo_finance_en-US_h_p_finance_2.png', 'related': 'AAPL', 'source': 'Yahoo', 'summary': 'The stock market took another hit from the war in the Middle East on Thursday as oil prices jumped again.  In a volatile Wall Street environment, equity strategists at CIBC Capital Markets screened for stocks that could stand their ground.  Oil prices aside, investors are also worried that pioneering AI offerings from Anthropic and OpenAI will upend businesses in software and other sectors.', 'url': 'https://finnhub.io/api/news?id=d1c140c053774b4126fa1fabe12b7fd13892374bb9d7ee769a9b99c31a5e9f8b'}",1773352140,news,finnhub_news,Yahoo,"Monster, Palantir, and Other Stocks That Can Weather the Market Storm The stock market took another hit from the war in the Middle East on Thursday as oil prices jumped again. In a volatile Wall Street environment, equity strategists at CIBC Capital Markets screened for stocks that could stand their ground. Oil prices aside, investors are also worried that pioneering AI offerings from Anthropic and OpenAI will upend businesses in software and other sectors.",AAPL,"Monster, Palantir, and Other Stocks That Can Weather the Market Storm",https://finnhub.io/api/news?id=d1c140c053774b4126fa1fabe12b7fd13892374bb9d7ee769a9b99c31a5e9f8b
139392830,"{'category': 'company', 'datetime': 1773345582, 'headline': 'S&P Weighs Rule Changes That Would Speed SpaceX’s S&P 500 Entry', 'id': 139392830, 'image': 'https://s.yimg.com/rz/stage/p/yahoo_finance_en-US_h_p_finance_2.png', 'related': 'AAPL', 'source': 'Yahoo', 'summary': 'Funds that track the index must buy newly added stocks, and roughly $24 trillion is tied to the S&P 500, according to Bloomberg Intelligence.  Any change to the S&P 500’s rules would be momentous.  A spokesperson for SpaceX didn’t immediately respond to a request for comment.', 'url': 'https://finnhub.io/api/news?id=476a475cdcb5d49661d9119f71245a5dc82d22bd14a98a2a40adc0f5a4c1aa6b'}",1773345582,news,finnhub_news,Yahoo,"S&P Weighs Rule Changes That Would Speed SpaceX’s S&P 500 Entry Funds that track the index must buy newly added stocks, and roughly $24 trillion is tied to the S&P 500, according to Bloomberg Intelligence. Any change to the S&P 500’s rules would be momentous. A spokesperson for SpaceX didn’t immediately respond to a request for comment.",AAPL,S&P Weighs Rule Changes That Would Speed SpaceX’s S&P 500 Entry,https://finnhub.io/api/news?id=476a475cdcb5d49661d9119f71245a5dc82d22bd14a98a2a40adc0f5a4c1aa6b
139393512,"{'category': 'company', 'datetime': 1773343855, 'headline': 'As Analysts Praise the New MacBook Neo as a Game-Changer, Should You Buy Apple Stock?', 'id': 139393512, 'image': 'https://s.yimg.com/rz/stage/p/yahoo_finance_en-US_h_p_finance_2.png', 'related': 'AAPL', 'source': 'Yahoo', 'summary': 'Apple’s new $599 MacBook Neo could be a game-changer that expands its reach into the budget PC market. Is it time to buy Apple stock?', 'url': 'https://finnhub.io/api/news?id=38fe0b360a67ba2a767a63eb639fad1fc83c3e153b04ad7f862d95cd48f3f915'}",1773343855,news,finnhub_news,Yahoo,"As Analysts Praise the New MacBook Neo as a Game-Changer, Should You Buy Apple Stock? Apple’s new $599 MacBook Neo could be a game-changer that expands its reach into the budget PC market. Is it time to buy Apple stock?",AAPL,"As Analysts Praise the New MacBook Neo as a Game-Changer, Should You Buy Apple Stock?",https://finnhub.io/api/news?id=38fe0b360a67ba2a767a63eb639fad1fc83c3e153b04ad7f862d95cd48f3f915
139392138,"{'category': 'company', 'datetime': 1773343200, 'headline': 'Got $5,000? 3 Tech Stocks to Buy and Hold for the Long Term', 'id': 139392138, 'image': 'https://s.yimg.com/rz/stage/p/yahoo_finance_en-US_h_p_finance_2.png', 'related': 'AAPL', 'source': 'Yahoo', 'summary': 'These three stocks look like long-term AI winners.', 'url': 'https://finnhub.io/api/news?id=8185517fd542bfcfaac8ed3325ad6987735b7517fd404d46809bb708bf454248'}",1773343200,news,finnhub_news,Yahoo,"Got $5,000? 3 Tech Stocks to Buy and Hold for the Long Term These three stocks look like long-term AI winners.",AAPL,"Got $5,000? 3 Tech Stocks to Buy and Hold for the Long Term",https://finnhub.io/api/news?id=8185517fd542bfcfaac8ed3325ad6987735b7517fd404d46809bb708bf454248
139392139,"{'category': 'company', 'datetime': 1773342456, 'headline': 'Corning Could Hit $144 by End of 2026 — BofA Sees $10.3B Scale-Out Revenue as the Catalyst', 'id': 139392139, 'image': 'https://s.yimg.com/rz/stage/p/yahoo_finance_en-US_h_p_finance_2.png', 'related': 'AAPL', 'source': 'Yahoo', 'summary': 'Corning (NYSE:GLW) has been one of the market’s standout performers over the past year, with shares up nearly 187% over the past 12 months and nearly 44% year-to-date. The stock touched a 52-week high of $162.10 before pulling back, and currently trades near $130.07. Wall Street’s consensus sits at $126.46 analyst target, with most analysts ... Corning Could Hit $144 by End of 2026 — BofA Sees $10.3B Scale-Out Revenue as the Catalyst', 'url': 'https://finnhub.io/api/news?id=ee7fded6e0c75205337e179557bbbb9c9be2fa56bfbefb004d95d5184b6f4243'}",1773342456,news,finnhub_news,Yahoo,"Corning Could Hit $144 by End of 2026 — BofA Sees $10.3B Scale-Out Revenue as the Catalyst Corning (NYSE:GLW) has been one of the market’s standout performers over the past year, with shares up nearly 187% over the past 12 months and nearly 44% year-to-date. The stock touched a 52-week high of $162.10 before pulling back, and currently trades near $130.07. Wall Street’s consensus sits at $126.46 analyst target, with most analysts ... Corning Could Hit $144 by End of 2026 — BofA Sees $10.3B Scale-Out Revenue as the Catalyst",AAPL,Corning Could Hit $144 by End of 2026 — BofA Sees $10.3B Scale-Out Revenue as the Catalyst,https://finnhub.io/api/news?id=ee7fded6e0c75205337e179557bbbb9c9be2fa56bfbefb004d95d5184b6f4243
139392140,"{'category': 'company', 'datetime': 1773339834, 'headline': 'Apple (AAPL) Launches Budget $599 Macbook in New Device Lineup', 'id': 139392140, 'image': 'https://s.yimg.com/rz/stage/p/yahoo_finance_en-US_h_p_finance_2.png', 'related': 'AAPL', 'source': 'Yahoo', 'summary': 'Apple Inc. (NASDAQ:AAPL) is among the 11 best robotics stocks to buy right now. On March 4, Apple Inc. (NASDAQ:AAPL) unveiled the MacBook Neo, a lower-priced addition to its laptop lineup starting at $599, as it looks to broaden its reach in a price-sensitive PC market while rivals face tighter supply of memory chips. A […]', 'url': 'https://finnhub.io/api/news?id=57a05cbb0d7972750496e293ddaf04f940400ff8c29147c90cfb3227fd37a313'}",1773339834,news,finnhub_news,Yahoo,"Apple (AAPL) Launches Budget $599 Macbook in New Device Lineup Apple Inc. (NASDAQ:AAPL) is among the 11 best robotics stocks to buy right now. On March 4, Apple Inc. (NASDAQ:AAPL) unveiled the MacBook Neo, a lower-priced addition to its laptop lineup starting at $599, as it looks to broaden its reach in a price-sensitive PC market while rivals face tighter supply of memory chips. A […]",AAPL,Apple (AAPL) Launches Budget $599 Macbook in New Device Lineup,https://finnhub.io/api/news?id=57a05cbb0d7972750496e293ddaf04f940400ff8c29147c90cfb3227fd37a313
139392141,"{'category': 'company', 'datetime': 1773339369, 'headline': 'Apple Siri And Smart Home Delays Put AI Roadmap Under Closer Scrutiny', 'id': 139392141, 'image': 'https://s.yimg.com/rz/stage/p/yahoo_finance_en-US_h_p_finance_2.png', 'related': 'AAPL', 'source': 'Yahoo', 'summary': 'Apple, NasdaqGS:AAPL, is delaying its smart home display, tying the product hold to unfinished work on a new AI powered version of Siri. The rollout of upgraded Siri capabilities is pushed back as Apple works through development and integration challenges across devices. The setback affects the timing of AI centric features that are expected to support future hardware and software across the Apple ecosystem. For you as an investor, this matters because Apple is not just an iPhone maker. It...', 'url': 'https://finnhub.io/api/news?id=85ad6b965c78b5d5736c034a1cb6c2f479ddd36548190af91472518228f8a924'}",1773339369,news,finnhub_news,Yahoo,"Apple Siri And Smart Home Delays Put AI Roadmap Under Closer Scrutiny Apple, NasdaqGS:AAPL, is delaying its smart home display, tying the product hold to unfinished work on a new AI powered version of Siri. The rollout of upgraded Siri capabilities is pushed back as Apple works through development and integration challenges across devices. The setback affects the timing of AI centric features that are expected to support future hardware and software across the Apple ecosystem. For you as an investor, this matters because Apple is not just an iPhone maker. It...",AAPL,Apple Siri And Smart Home Delays Put AI Roadmap Under Closer Scrutiny,https://finnhub.io/api/news?id=85ad6b965c78b5d5736c034a1cb6c2f479ddd36548190af91472518228f8a924
139392142,"{'category': 'company', 'datetime': 1773338710, 'headline': 'Tech Giants Hover on Cusp of a Correction as War Heats Up', 'id': 139392142, 'image': 'https://s.yimg.com/rz/stage/p/yahoo_finance_en-US_h_p_finance_2.png', 'related': 'AAPL', 'source': 'Yahoo', 'summary': 'Bloomberg’s gauge of Magnificent Seven companies — which includes titans like Nvidia Corp., Apple Inc. and Tesla Inc. — dropped\xa0\xa0at\xa0\xa0in New York, and is down nearly 10% from its October peak.  “The Magnificent Seven have had multiple episodes over the past few years where their valuations/price levels get ahead of fundamentals and then they spend months working off the exuberance,” said Sameer Samana, head of global equities and real assets at Wells Fargo Investment Institute.', 'url': 'https://finnhub.io/api/news?id=db8cca92fc707de307eb150f31cac3a6542658dfb9bcc479534c560b1e1c7dcf'}",1773338710,news,finnhub_news,Yahoo,"Tech Giants Hover on Cusp of a Correction as War Heats Up Bloomberg’s gauge of Magnificent Seven companies — which includes titans like Nvidia Corp., Apple Inc. and Tesla Inc. — dropped at in New York, and is down nearly 10% from its October peak. “The Magnificent Seven have had multiple episodes over the past few years where their valuations/price levels get ahead of fundamentals and then they spend months working off the exuberance,” said Sameer Samana, head of global equities and real assets at Wells Fargo Investment Institute.",AAPL,Tech Giants Hover on Cusp of a Correction as War Heats Up,https://finnhub.io/api/news?id=db8cca92fc707de307eb150f31cac3a6542658dfb9bcc479534c560b1e1c7dcf
139392143,"{'category': 'company', 'datetime': 1773338700, 'headline': 'The Best Growth Index ETF to Invest $100 in March 2026', 'id': 139392143, 'image': 'https://s.yimg.com/rz/stage/p/yahoo_finance_en-US_h_p_finance_2.png', 'related': 'AAPL', 'source': 'Yahoo', 'summary': ""The enormous gains from a small handful of AI stocks can't be ignored any longer."", 'url': 'https://finnhub.io/api/news?id=6a79602bfeb2a3d5df3bd67524982433fe66eaa7537455fb5b277a2b286fad4a'}",1773338700,news,finnhub_news,Yahoo,The Best Growth Index ETF to Invest $100 in March 2026 The enormous gains from a small handful of AI stocks can't be ignored any longer.,AAPL,The Best Growth Index ETF to Invest $100 in March 2026,https://finnhub.io/api/news?id=6a79602bfeb2a3d5df3bd67524982433fe66eaa7537455fb5b277a2b286fad4a
139392833,"{'category': 'company', 'datetime': 1773335359, 'headline': 'Apple’s $599 MacBook Neo is a ‘shock to the entire market’—and PC makers are ‘taking it very seriously’', 'id': 139392833, 'image': 'https://s.yimg.com/rz/stage/p/yahoo_finance_en-US_h_p_finance_2.png', 'related': 'AAPL', 'source': 'Yahoo', 'summary': 'PC companies are scrambling to respond to Apple\'s surprise entry into the budget laptop market, Asus CFO Nick Wu says—and rivals like Microsoft, Intel, and AMD are all ""seriously discussing"" how to compete.', 'url': 'https://finnhub.io/api/news?id=70a9568691bcba3845d81c7df506f5969e458eb1644aeab7ab2f195a521c52ec'}",1773335359,news,finnhub_news,Yahoo,"Apple’s $599 MacBook Neo is a ‘shock to the entire market’—and PC makers are ‘taking it very seriously’ PC companies are scrambling to respond to Apple's surprise entry into the budget laptop market, Asus CFO Nick Wu says—and rivals like Microsoft, Intel, and AMD are all ""seriously discussing"" how to compete.",AAPL,Apple’s $599 MacBook Neo is a ‘shock to the entire market’—and PC makers are ‘taking it very seriously’,https://finnhub.io/api/news?id=70a9568691bcba3845d81c7df506f5969e458eb1644aeab7ab2f195a521c52ec
932f6c9b-4b23-3a3d-88a6-9ef0c608c794,"{'id': '932f6c9b-4b23-3a3d-88a6-9ef0c608c794', 'content': {'id': '932f6c9b-4b23-3a3d-88a6-9ef0c608c794', 'contentType': 'VIDEO', 'title': ""Market Madness: Why JPMorgan, McDonald's are slam dunk stock picks"", 'description': '<p>Tipping off Yahoo Finance\'s ""Market Madness"" bracket tournament, Winthrop Capital CIO Adam Coons joins Julie Hyman to make the case for the first round of corporate match-ups, which includes JPMorgan Chase (<a data-i13n=""cpos:1;pos:1"" href=""https://finance.yahoo.com/quote/JPM"">JPM</a>) vs. TJX (<a data-i13n=""cpos:2;pos:1"" href=""https://finance.yahoo.com/quote/TJX"">TJX</a>) and McDonald\'s (<a data-i13n=""cpos:3;pos:1"" href=""https://finance.yahoo.com/quote/MCD"">MCD</a>) vs. Disney (<a data-i13n=""cpos:4;pos:1"" href=""https://finance.yahoo.com/quote/DIS"">DIS</a>).</p>', 'summary': 'Tipping off Yahoo Finance\'s ""Market Madness"" bracket tournament, Winthrop Capital CIO Adam Coons joins Julie Hyman to make the case for the first round of corporate match-ups, which includes JPMorgan Chase (JPM) vs. TJX (TJX) and McDonald\'s (MCD) vs. Disney (DIS).', 'pubDate': '2026-03-19T16:00:00Z', 'displayTime': '', 'isHosted': True, 'bypassModal': False, 'previewUrl': None, 'thumbnail': {'originalUrl': 'https://s.yimg.com/os/creatr-uploaded-images/2026-03/741e3290-23a8-11f1-b8ff-42b2ef1ecfb8', 'originalWidth': 4289, 'originalHeight': 2416, 'caption': '', 'resolutions': [{'url': 'https://s.yimg.com/uu/api/res/1.2/Kxy3OzLillI1uhHPUigT8Q--~B/aD0yNDE2O3c9NDI4OTthcHBpZD15dGFjaHlvbg--/https://s.yimg.com/os/creatr-uploaded-images/2026-03/741e3290-23a8-11f1-b8ff-42b2ef1ecfb8', 'width': 4289, 'height': 2416, 'tag': 'original'}, {'url': 'https://s.yimg.com/uu/api/res/1.2/EtKX2rtUNhJc6LQ79qVYJQ--~B/Zmk9c3RyaW07aD0xMjg7dz0xNzA7YXBwaWQ9eXRhY2h5b24-/https://s.yimg.com/os/creatr-uploaded-images/2026-03/741e3290-23a8-11f1-b8ff-42b2ef1ecfb8', 'width': 170, 'height': 128, 'tag': '170x128'}]}, 'provider': {'displayName': 'Yahoo Finance Video', 'url': 'https://finance.yahoo.com/'}, 'canonicalUrl': {'url': 'https://finance.yahoo.com/video/market-madness-why-jpmorgan-mcdonalds-160000375.html', 'site': 'finance', 'region': 'US', 'lang': 'en-US'}, 'clickThroughUrl': {'url': 'https://finance.yahoo.com/video/market-madness-why-jpmorgan-mcdonalds-160000375.html', 'site': 'finance', 'region': 'US', 'lang': 'en-US'}, 'metadata': {'editorsPick': True}, 'finance': {'premiumFinance': {'isPremiumNews': False, 'isPremiumFreeNews': False}}, 'storyline': None}}",,news,yfinance_news,yfinance_news,"{'id': '932f6c9b-4b23-3a3d-88a6-9ef0c608c794', 'contentType': 'VIDEO', 'title': ""Market Madness: Why JPMorgan, McDonald's are slam dunk stock picks"", 'description': ' Tipping off Yahoo Finance\'s ""Market Madness"" bracket tournament, Winthrop Capital CIO Adam Coons joins Julie Hyman to make the case for the first round of corporate match-ups, which includes JPMorgan Chase ( JPM ) vs. TJX ( TJX ) and McDonald\'s ( MCD ) vs. Disney ( DIS ). ', 'summary': 'Tipping off Yahoo Finance\'s ""Market Madness"" bracket tournament, Winthrop Capital CIO Adam Coons joins Julie Hyman to make the case for the first round of corporate match-ups, which includes JPMorgan Chase (JPM) vs. TJX (TJX) and McDonald\'s (MCD) vs. Disney (DIS).', 'pubDate': '2026-03-19T16:00:00Z', 'displayTime': '', 'isHosted': True, 'bypassModal': False, 'previewUrl': None, 'thumbnail': {'originalUrl': 'https://s.yimg.com/os/creatr-uploaded-images/2026-03/741e3290-23a8-11f1-b8ff-42b2ef1ecfb8', 'originalWidth': 4289, 'originalHeight': 2416, 'caption': '', 'resolutions': [{'url': 'https://s.yimg.com/uu/api/res/1.2/Kxy3OzLillI1uhHPUigT8Q--~B/aD0yNDE2O3c9NDI4OTthcHBpZD15dGFjaHlvbg--/https://s.yimg.com/os/creatr-uploaded-images/2026-03/741e3290-23a8-11f1-b8ff-42b2ef1ecfb8', 'width': 4289, 'height': 2416, 'tag': 'original'}, {'url': 'https://s.yimg.com/uu/api/res/1.2/EtKX2rtUNhJc6LQ79qVYJQ--~B/Zmk9c3RyaW07aD0xMjg7dz0xNzA7YXBwaWQ9eXRhY2h5b24-/https://s.yimg.com/os/creatr-uploaded-images/2026-03/741e3290-23a8-11f1-b8ff-42b2ef1ecfb8', 'width': 170, 'height': 128, 'tag': '170x128'}]}, 'provider': {'displayName': 'Yahoo Finance Video', 'url': 'https://finance.yahoo.com/'}, 'canonicalUrl': {'url': 'https://finance.yahoo.com/video/market-madness-why-jpmorgan-mcdonalds-160000375.html', 'site': 'finance', 'region': 'US', 'lang': 'en-US'}, 'clickThroughUrl': {'url': 'https://finance.yahoo.com/video/market-madness-why-jpmorgan-mcdonalds-160000375.html', 'site': 'finance', 'region': 'US', 'lang': 'en-US'}, 'metadata': {'editorsPick': True}, 'finance': {'premiumFinance': {'isPremiumNews': False, 'isPremiumFreeNews': False}}, 'storyline': None}",AAPL,,
df40620d-1142-3f65-bd85-7f70efe6b08b,"{'id': 'df40620d-1142-3f65-bd85-7f70efe6b08b', 'content': {'id': 'df40620d-1142-3f65-bd85-7f70efe6b08b', 'contentType': 'STORY', 'title': 'Prediction: This Neocloud Stock Will Outperform the ""Magnificent Seven"" in 2026', 'description': '', 'summary': 'Neoclouds build their own data centers and subsequently rent access to GPU clusters to their customers.', 'pubDate': '2026-03-19T23:35:00Z', 'displayTime': '2026-03-19T23:35:00Z', 'isHosted': True, 'bypassModal': False, 'previewUrl': None, 'thumbnail': {'originalUrl': 'https://media.zenfs.com/en/motleyfool.com/b7519cbe5557e0c065c491fcf8ae42e4', 'originalWidth': 720, 'originalHeight': 592, 'caption': 'IREN Chart', 'resolutions': [{'url': 'https://s.yimg.com/uu/api/res/1.2/6BqghFemnLugrKxYWsOP2Q--~B/aD01OTI7dz03MjA7YXBwaWQ9eXRhY2h5b24-/https://media.zenfs.com/en/motleyfool.com/b7519cbe5557e0c065c491fcf8ae42e4', 'width': 720, 'height': 592, 'tag': 'original'}, {'url': 'https://s.yimg.com/uu/api/res/1.2/lp7GjRpVONHr3mEJkexJ8w--~B/Zmk9c3RyaW07aD0xMjg7dz0xNzA7YXBwaWQ9eXRhY2h5b24-/https://media.zenfs.com/en/motleyfool.com/b7519cbe5557e0c065c491fcf8ae42e4', 'width': 170, 'height': 128, 'tag': '170x128'}]}, 'provider': {'displayName': 'Motley Fool', 'url': 'http://www.fool.com/'}, 'canonicalUrl': {'url': 'https://www.fool.com/investing/2026/03/19/prediction-this-neocloud-stock-will-outperform-the/', 'site': 'finance', 'region': 'US', 'lang': 'en-US'}, 'clickThroughUrl': {'url': 'https://finance.yahoo.com/markets/stocks/articles/prediction-neocloud-stock-outperform-magnificent-233500780.html', 'site': 'finance', 'region': 'US', 'lang': 'en-US'}, 'metadata': {'editorsPick': False}, 'finance': {'premiumFinance': {'isPremiumNews': False, 'isPremiumFreeNews': False}}, 'storyline': None}}",,news,yfinance_news,yfinance_news,"{'id': 'df40620d-1142-3f65-bd85-7f70efe6b08b', 'contentType': 'STORY', 'title': 'Prediction: This Neocloud Stock Will Outperform the ""Magnificent Seven"" in 2026', 'description': '', 'summary': 'Neoclouds build their own data centers and subsequently rent access to GPU clusters to their customers.', 'pubDate': '2026-03-19T23:35:00Z', 'displayTime': '2026-03-19T23:35:00Z', 'isHosted': True, 'bypassModal': False, 'previewUrl': None, 'thumbnail': {'originalUrl': 'https://media.zenfs.com/en/motleyfool.com/b7519cbe5557e0c065c491fcf8ae42e4', 'originalWidth': 720, 'originalHeight': 592, 'caption': 'IREN Chart', 'resolutions': [{'url': 'https://s.yimg.com/uu/api/res/1.2/6BqghFemnLugrKxYWsOP2Q--~B/aD01OTI7dz03MjA7YXBwaWQ9eXRhY2h5b24-/https://media.zenfs.com/en/motleyfool.com/b7519cbe5557e0c065c491fcf8ae42e4', 'width': 720, 'height': 592, 'tag': 'original'}, {'url': 'https://s.yimg.com/uu/api/res/1.2/lp7GjRpVONHr3mEJkexJ8w--~B/Zmk9c3RyaW07aD0xMjg7dz0xNzA7YXBwaWQ9eXRhY2h5b24-/https://media.zenfs.com/en/motleyfool.com/b7519cbe5557e0c065c491fcf8ae42e4', 'width': 170, 'height': 128, 'tag': '170x128'}]}, 'provider': {'displayName': 'Motley Fool', 'url': 'http://www.fool.com/'}, 'canonicalUrl': {'url': 'https://www.fool.com/investing/2026/03/19/prediction-this-neocloud-stock-will-outperform-the/', 'site': 'finance', 'region': 'US', 'lang': 'en-US'}, 'clickThroughUrl': {'url': 'https://finance.yahoo.com/markets/stocks/articles/prediction-neocloud-stock-outperform-magnificent-233500780.html', 'site': 'finance', 'region': 'US', 'lang': 'en-US'}, 'metadata': {'editorsPick': False}, 'finance': {'premiumFinance': {'isPremiumNews': False, 'isPremiumFreeNews': False}}, 'storyline': None}",AAPL,,
0b32c71e-88d3-3810-9a25-bb5b3a10ee84,"{'id': '0b32c71e-88d3-3810-9a25-bb5b3a10ee84', 'content': {'id': '0b32c71e-88d3-3810-9a25-bb5b3a10ee84', 'contentType': 'STORY', 'title': 'Family Manage LLC Initiates 15.58 Million Position in TCW Flexible Income ETF, According to Recent SEC Filing', 'description': '', 'summary': 'The TCW Flexible Income ETF gives investors access to higher-yielding areas of the bond market through active positioning across credit and global sectors. Its appeal often comes from the potential to generate more income than traditional core bond funds, with results closely tied to how effectively the portfolio is positioned as market conditions evolve.', 'pubDate': '2026-03-19T20:45:01Z', 'displayTime': '2026-03-19T20:45:01Z', 'isHosted': True, 'bypassModal': False, 'previewUrl': None, 'thumbnail': {'originalUrl': 'https://media.zenfs.com/en/motleyfool.com/339884d7075983b9769610f804e4ff9f', 'originalWidth': 384, 'originalHeight': 384, 'caption': '', 'resolutions': [{'url': 'https://s.yimg.com/uu/api/res/1.2/v4V4il_iq_bb5IOA0BqK0Q--~B/aD0zODQ7dz0zODQ7YXBwaWQ9eXRhY2h5b24-/https://media.zenfs.com/en/motleyfool.com/339884d7075983b9769610f804e4ff9f', 'width': 384, 'height': 384, 'tag': 'original'}, {'url': 'https://s.yimg.com/uu/api/res/1.2/3Op97zM4.lJOzD4AI7K4WA--~B/Zmk9c3RyaW07aD0xMjg7dz0xNzA7YXBwaWQ9eXRhY2h5b24-/https://media.zenfs.com/en/motleyfool.com/339884d7075983b9769610f804e4ff9f', 'width': 170, 'height': 128, 'tag': '170x128'}]}, 'provider': {'displayName': 'Motley Fool', 'url': 'http://www.fool.com/'}, 'canonicalUrl': {'url': 'https://www.fool.com/coverage/filings/2026/03/19/family-manage-llc-initiates-15-58-million-position-in-tcw-flexible-income-etf-according-to-recent-sec-filing/', 'site': 'finance', 'region': 'US', 'lang': 'en-US'}, 'clickThroughUrl': {'url': 'https://finance.yahoo.com/markets/stocks/articles/family-manage-llc-initiates-15-204501595.html', 'site': 'finance', 'region': 'US', 'lang': 'en-US'}, 'metadata': {'editorsPick': False}, 'finance': {'premiumFinance': {'isPremiumNews': False, 'isPremiumFreeNews': False}}, 'storyline': None}}",,news,yfinance_news,yfinance_news,"{'id': '0b32c71e-88d3-3810-9a25-bb5b3a10ee84', 'contentType': 'STORY', 'title': 'Family Manage LLC Initiates 15.58 Million Position in TCW Flexible Income ETF, According to Recent SEC Filing', 'description': '', 'summary': 'The TCW Flexible Income ETF gives investors access to higher-yielding areas of the bond market through active positioning across credit and global sectors. Its appeal often comes from the potential to generate more income than traditional core bond funds, with results closely tied to how effectively the portfolio is positioned as market conditions evolve.', 'pubDate': '2026-03-19T20:45:01Z', 'displayTime': '2026-03-19T20:45:01Z', 'isHosted': True, 'bypassModal': False, 'previewUrl': None, 'thumbnail': {'originalUrl': 'https://media.zenfs.com/en/motleyfool.com/339884d7075983b9769610f804e4ff9f', 'originalWidth': 384, 'originalHeight': 384, 'caption': '', 'resolutions': [{'url': 'https://s.yimg.com/uu/api/res/1.2/v4V4il_iq_bb5IOA0BqK0Q--~B/aD0zODQ7dz0zODQ7YXBwaWQ9eXRhY2h5b24-/https://media.zenfs.com/en/motleyfool.com/339884d7075983b9769610f804e4ff9f', 'width': 384, 'height': 384, 'tag': 'original'}, {'url': 'https://s.yimg.com/uu/api/res/1.2/3Op97zM4.lJOzD4AI7K4WA--~B/Zmk9c3RyaW07aD0xMjg7dz0xNzA7YXBwaWQ9eXRhY2h5b24-/https://media.zenfs.com/en/motleyfool.com/339884d7075983b9769610f804e4ff9f', 'width': 170, 'height': 128, 'tag': '170x128'}]}, 'provider': {'displayName': 'Motley Fool', 'url': 'http://www.fool.com/'}, 'canonicalUrl': {'url': 'https://www.fool.com/coverage/filings/2026/03/19/family-manage-llc-initiates-15-58-million-position-in-tcw-flexible-income-etf-according-to-recent-sec-filing/', 'site': 'finance', 'region': 'US', 'lang': 'en-US'}, 'clickThroughUrl': {'url': 'https://finance.yahoo.com/markets/stocks/articles/family-manage-llc-initiates-15-204501595.html', 'site': 'finance', 'region': 'US', 'lang': 'en-US'}, 'metadata': {'editorsPick': False}, 'finance': {'premiumFinance': {'isPremiumNews': False, 'isPremiumFreeNews': False}}, 'storyline': None}",AAPL,,
2c90514c-689e-37c0-a12f-66d55c6d188b,"{'id': '2c90514c-689e-37c0-a12f-66d55c6d188b', 'content': {'id': '2c90514c-689e-37c0-a12f-66d55c6d188b', 'contentType': 'STORY', 'title': ""Calydon Capital Dumps $9 Million of ZoomInfo Amid Stock's 92% Decline Since 2021"", 'description': '', 'summary': 'ZoomInfo Technologies offers cloud-based data and workflow tools for sales, marketing, and recruiting teams across diverse industries.', 'pubDate': '2026-03-19T19:33:15Z', 'displayTime': '2026-03-19T19:33:15Z', 'isHosted': True, 'bypassModal': False, 'previewUrl': None, 'thumbnail': {'originalUrl': 'https://media.zenfs.com/en/motleyfool.com/6654dd0007eeee3ceafcb3a47535ed1a', 'originalWidth': 384, 'originalHeight': 384, 'caption': '', 'resolutions': [{'url': 'https://s.yimg.com/uu/api/res/1.2/ILWJxqslj.RAkoTrWZQTRw--~B/aD0zODQ7dz0zODQ7YXBwaWQ9eXRhY2h5b24-/https://media.zenfs.com/en/motleyfool.com/6654dd0007eeee3ceafcb3a47535ed1a', 'width': 384, 'height': 384, 'tag': 'original'}, {'url': 'https://s.yimg.com/uu/api/res/1.2/wZSjM50SbwOHoypxxsDgNQ--~B/Zmk9c3RyaW07aD0xMjg7dz0xNzA7YXBwaWQ9eXRhY2h5b24-/https://media.zenfs.com/en/motleyfool.com/6654dd0007eeee3ceafcb3a47535ed1a', 'width': 170, 'height': 128, 'tag': '170x128'}]}, 'provider': {'displayName': 'Motley Fool', 'url': 'http://www.fool.com/'}, 'canonicalUrl': {'url': 'https://www.fool.com/coverage/filings/2026/03/19/calydon-capital-dumps-usd9-million-of-zoominfo-amid-stock-s-92-decline-since-2021/', 'site': 'finance', 'region': 'US', 'lang': 'en-US'}, 'clickThroughUrl': {'url': 'https://finance.yahoo.com/markets/stocks/articles/calydon-capital-dumps-9-million-193315155.html', 'site': 'finance', 'region': 'US', 'lang': 'en-US'}, 'metadata': {'editorsPick': False}, 'finance': {'premiumFinance': {'isPremiumNews': False, 'isPremiumFreeNews': False}}, 'storyline': None}}",,news,yfinance_news,yfinance_news,"{'id': '2c90514c-689e-37c0-a12f-66d55c6d188b', 'contentType': 'STORY', 'title': ""Calydon Capital Dumps $9 Million of ZoomInfo Amid Stock's 92% Decline Since 2021"", 'description': '', 'summary': 'ZoomInfo Technologies offers cloud-based data and workflow tools for sales, marketing, and recruiting teams across diverse industries.', 'pubDate': '2026-03-19T19:33:15Z', 'displayTime': '2026-03-19T19:33:15Z', 'isHosted': True, 'bypassModal': False, 'previewUrl': None, 'thumbnail': {'originalUrl': 'https://media.zenfs.com/en/motleyfool.com/6654dd0007eeee3ceafcb3a47535ed1a', 'originalWidth': 384, 'originalHeight': 384, 'caption': '', 'resolutions': [{'url': 'https://s.yimg.com/uu/api/res/1.2/ILWJxqslj.RAkoTrWZQTRw--~B/aD0zODQ7dz0zODQ7YXBwaWQ9eXRhY2h5b24-/https://media.zenfs.com/en/motleyfool.com/6654dd0007eeee3ceafcb3a47535ed1a', 'width': 384, 'height': 384, 'tag': 'original'}, {'url': 'https://s.yimg.com/uu/api/res/1.2/wZSjM50SbwOHoypxxsDgNQ--~B/Zmk9c3RyaW07aD0xMjg7dz0xNzA7YXBwaWQ9eXRhY2h5b24-/https://media.zenfs.com/en/motleyfool.com/6654dd0007eeee3ceafcb3a47535ed1a', 'width': 170, 'height': 128, 'tag': '170x128'}]}, 'provider': {'displayName': 'Motley Fool', 'url': 'http://www.fool.com/'}, 'canonicalUrl': {'url': 'https://www.fool.com/coverage/filings/2026/03/19/calydon-capital-dumps-usd9-million-of-zoominfo-amid-stock-s-92-decline-since-2021/', 'site': 'finance', 'region': 'US', 'lang': 'en-US'}, 'clickThroughUrl': {'url': 'https://finance.yahoo.com/markets/stocks/articles/calydon-capital-dumps-9-million-193315155.html', 'site': 'finance', 'region': 'US', 'lang': 'en-US'}, 'metadata': {'editorsPick': False}, 'finance': {'premiumFinance': {'isPremiumNews': False, 'isPremiumFreeNews': False}}, 'storyline': None}",AAPL,,
95600eb3-6538-34ee-84ef-a5da9f701ad9,"{'id': '95600eb3-6538-34ee-84ef-a5da9f701ad9', 'content': {'id': '95600eb3-6538-34ee-84ef-a5da9f701ad9', 'contentType': 'STORY', 'title': 'These Tech Stocks Are Still a Buy for Many People Even as Iran War Pullback Intensifies', 'description': '', 'summary': 'Retail investors are cherry picking which companies to buy, as they spend less money overall, according to a new J.P. Morgan report.', 'pubDate': '2026-03-19T19:27:00Z', 'displayTime': '2026-03-19T19:27:00Z', 'isHosted': False, 'bypassModal': False, 'previewUrl': 'https://finance.yahoo.com/m/95600eb3-6538-34ee-84ef-a5da9f701ad9/these-tech-stocks-are-still-a.html', 'thumbnail': {'originalUrl': 'https://media.zenfs.com/en/Barrons.com/2a004ad5ec3749002d2db22ee7cb3704', 'originalWidth': 1280, 'originalHeight': 640, 'caption': '', 'resolutions': [{'url': 'https://s.yimg.com/uu/api/res/1.2/tMQlNQjBlUgA2WfSy381Iw--~B/aD02NDA7dz0xMjgwO2FwcGlkPXl0YWNoeW9u/https://media.zenfs.com/en/Barrons.com/2a004ad5ec3749002d2db22ee7cb3704', 'width': 1280, 'height': 640, 'tag': 'original'}, {'url': 'https://s.yimg.com/uu/api/res/1.2/wBqUrvL3SJ6y544HNrCxGw--~B/Zmk9c3RyaW07aD0xMjg7dz0xNzA7YXBwaWQ9eXRhY2h5b24-/https://media.zenfs.com/en/Barrons.com/2a004ad5ec3749002d2db22ee7cb3704', 'width': 170, 'height': 128, 'tag': '170x128'}]}, 'provider': {'displayName': 'Barrons.com', 'url': 'http://www.barrons.com/'}, 'canonicalUrl': {'url': 'https://www.barrons.com/articles/buying-big-tech-nvidia-micron-tesla-aead1fee?siteid=yhoof2&yptr=yahoo', 'site': 'finance', 'region': 'US', 'lang': 'en-US'}, 'clickThroughUrl': None, 'metadata': {'editorsPick': False}, 'finance': {'premiumFinance': {'isPremiumNews': False, 'isPremiumFreeNews': False}}, 'storyline': None}}",,news,yfinance_news,yfinance_news,"{'id': '95600eb3-6538-34ee-84ef-a5da9f701ad9', 'contentType': 'STORY', 'title': 'These Tech Stocks Are Still a Buy for Many People Even as Iran War Pullback Intensifies', 'description': '', 'summary': 'Retail investors are cherry picking which companies to buy, as they spend less money overall, according to a new J.P. Morgan report.', 'pubDate': '2026-03-19T19:27:00Z', 'displayTime': '2026-03-19T19:27:00Z', 'isHosted': False, 'bypassModal': False, 'previewUrl': 'https://finance.yahoo.com/m/95600eb3-6538-34ee-84ef-a5da9f701ad9/these-tech-stocks-are-still-a.html', 'thumbnail': {'originalUrl': 'https://media.zenfs.com/en/Barrons.com/2a004ad5ec3749002d2db22ee7cb3704', 'originalWidth': 1280, 'originalHeight': 640, 'caption': '', 'resolutions': [{'url': 'https://s.yimg.com/uu/api/res/1.2/tMQlNQjBlUgA2WfSy381Iw--~B/aD02NDA7dz0xMjgwO2FwcGlkPXl0YWNoeW9u/https://media.zenfs.com/en/Barrons.com/2a004ad5ec3749002d2db22ee7cb3704', 'width': 1280, 'height': 640, 'tag': 'original'}, {'url': 'https://s.yimg.com/uu/api/res/1.2/wBqUrvL3SJ6y544HNrCxGw--~B/Zmk9c3RyaW07aD0xMjg7dz0xNzA7YXBwaWQ9eXRhY2h5b24-/https://media.zenfs.com/en/Barrons.com/2a004ad5ec3749002d2db22ee7cb3704', 'width': 170, 'height': 128, 'tag': '170x128'}]}, 'provider': {'displayName': 'Barrons.com', 'url': 'http://www.barrons.com/'}, 'canonicalUrl': {'url': 'https://www.barrons.com/articles/buying-big-tech-nvidia-micron-tesla-aead1fee?siteid=yhoof2&yptr=yahoo', 'site': 'finance', 'region': 'US', 'lang': 'en-US'}, 'clickThroughUrl': None, 'metadata': {'editorsPick': False}, 'finance': {'premiumFinance': {'isPremiumNews': False, 'isPremiumFreeNews': False}}, 'storyline': None}",AAPL,,
61e77f76-f254-3150-b968-82f3ccbd91ce,"{'id': '61e77f76-f254-3150-b968-82f3ccbd91ce', 'content': {'id': '61e77f76-f254-3150-b968-82f3ccbd91ce', 'contentType': 'STORY', 'title': 'Apple China Sales Jump 23% Despite Market Slump', 'description': '', 'summary': 'Growth driven by discounts and pricing advantage amid rising chip costs', 'pubDate': '2026-03-19T19:26:16Z', 'displayTime': '2026-03-19T19:26:16Z', 'isHosted': True, 'bypassModal': False, 'previewUrl': None, 'thumbnail': None, 'provider': {'displayName': 'GuruFocus.com', 'url': 'http://www.gurufocus.com/'}, 'canonicalUrl': {'url': 'https://finance.yahoo.com/markets/stocks/articles/apple-china-sales-jump-23-192616425.html', 'site': 'finance', 'region': 'US', 'lang': 'en-US'}, 'clickThroughUrl': {'url': 'https://finance.yahoo.com/markets/stocks/articles/apple-china-sales-jump-23-192616425.html', 'site': 'finance', 'region': 'US', 'lang': 'en-US'}, 'metadata': {'editorsPick': False}, 'finance': {'premiumFinance': {'isPremiumNews': False, 'isPremiumFreeNews': False}}, 'storyline': None}}",,news,yfinance_news,yfinance_news,"{'id': '61e77f76-f254-3150-b968-82f3ccbd91ce', 'contentType': 'STORY', 'title': 'Apple China Sales Jump 23% Despite Market Slump', 'description': '', 'summary': 'Growth driven by discounts and pricing advantage amid rising chip costs', 'pubDate': '2026-03-19T19:26:16Z', 'displayTime': '2026-03-19T19:26:16Z', 'isHosted': True, 'bypassModal': False, 'previewUrl': None, 'thumbnail': None, 'provider': {'displayName': 'GuruFocus.com', 'url': 'http://www.gurufocus.com/'}, 'canonicalUrl': {'url': 'https://finance.yahoo.com/markets/stocks/articles/apple-china-sales-jump-23-192616425.html', 'site': 'finance', 'region': 'US', 'lang': 'en-US'}, 'clickThroughUrl': {'url': 'https://finance.yahoo.com/markets/stocks/articles/apple-china-sales-jump-23-192616425.html', 'site': 'finance', 'region': 'US', 'lang': 'en-US'}, 'metadata': {'editorsPick': False}, 'finance': {'premiumFinance': {'isPremiumNews': False, 'isPremiumFreeNews': False}}, 'storyline': None}",AAPL,,
7811b547-1aca-32bf-bc20-77805732164e,"{'id': '7811b547-1aca-32bf-bc20-77805732164e', 'content': {'id': '7811b547-1aca-32bf-bc20-77805732164e', 'contentType': 'STORY', 'title': 'Norway Fund Flags 49% Equity Risk as Oil, Tech Threats Build', 'description': '', 'summary': 'Tangen outlines inflation and fragmentation scenarios while warning tech correction could erase over half of equity value.', 'pubDate': '2026-03-19T18:36:30Z', 'displayTime': '2026-03-19T18:36:30Z', 'isHosted': True, 'bypassModal': False, 'previewUrl': None, 'thumbnail': None, 'provider': {'displayName': 'GuruFocus.com', 'url': 'http://www.gurufocus.com/'}, 'canonicalUrl': {'url': 'https://finance.yahoo.com/markets/stocks/articles/norway-fund-flags-49-equity-183630606.html', 'site': 'finance', 'region': 'US', 'lang': 'en-US'}, 'clickThroughUrl': {'url': 'https://finance.yahoo.com/markets/stocks/articles/norway-fund-flags-49-equity-183630606.html', 'site': 'finance', 'region': 'US', 'lang': 'en-US'}, 'metadata': {'editorsPick': False}, 'finance': {'premiumFinance': {'isPremiumNews': False, 'isPremiumFreeNews': False}}, 'storyline': None}}",,news,yfinance_news,yfinance_news,"{'id': '7811b547-1aca-32bf-bc20-77805732164e', 'contentType': 'STORY', 'title': 'Norway Fund Flags 49% Equity Risk as Oil, Tech Threats Build', 'description': '', 'summary': 'Tangen outlines inflation and fragmentation scenarios while warning tech correction could erase over half of equity value.', 'pubDate': '2026-03-19T18:36:30Z', 'displayTime': '2026-03-19T18:36:30Z', 'isHosted': True, 'bypassModal': False, 'previewUrl': None, 'thumbnail': None, 'provider': {'displayName': 'GuruFocus.com', 'url': 'http://www.gurufocus.com/'}, 'canonicalUrl': {'url': 'https://finance.yahoo.com/markets/stocks/articles/norway-fund-flags-49-equity-183630606.html', 'site': 'finance', 'region': 'US', 'lang': 'en-US'}, 'clickThroughUrl': {'url': 'https://finance.yahoo.com/markets/stocks/articles/norway-fund-flags-49-equity-183630606.html', 'site': 'finance', 'region': 'US', 'lang': 'en-US'}, 'metadata': {'editorsPick': False}, 'finance': {'premiumFinance': {'isPremiumNews': False, 'isPremiumFreeNews': False}}, 'storyline': None}",AAPL,,
5929baf1-04d6-3385-bb69-609013e2607d,"{'id': '5929baf1-04d6-3385-bb69-609013e2607d', 'content': {'id': '5929baf1-04d6-3385-bb69-609013e2607d', 'contentType': 'STORY', 'title': ""Elon Musk Has One Word for This Apple Problem: 'Ridiculous'"", 'description': '', 'summary': ""Billionaire Elon Musk has long clashed with tech giant Apple Inc, most recently over its iOS app store practices. Now, Musk may be intensifying that battle with more public criticism of the company. Musk Calls Out iOS App Store Apple will celebrate its 50th anniversary next month, but its app store is relatively new, having launched in 2008 alongside the iPhone 3G. Today, it’s home to millions of apps created by Apple and third-party companies. Over the years, however, Apple's App Store has been"", 'pubDate': '2026-03-19T18:31:05Z', 'displayTime': '2026-03-19T18:31:05Z', 'isHosted': True, 'bypassModal': False, 'previewUrl': None, 'thumbnail': {'originalUrl': 'https://media.zenfs.com/en/Benzinga/7f0d7826bcadad8b76d2fa08336f4aec', 'originalWidth': 1000, 'originalHeight': 667, 'caption': '', 'resolutions': [{'url': 'https://s.yimg.com/uu/api/res/1.2/BaPzwltATd0MjIwtLdno2A--~B/aD02Njc7dz0xMDAwO2FwcGlkPXl0YWNoeW9u/https://media.zenfs.com/en/Benzinga/7f0d7826bcadad8b76d2fa08336f4aec', 'width': 1000, 'height': 667, 'tag': 'original'}, {'url': 'https://s.yimg.com/uu/api/res/1.2/V_jr6KGc4eb56RAGNenHGw--~B/Zmk9c3RyaW07aD0xMjg7dz0xNzA7YXBwaWQ9eXRhY2h5b24-/https://media.zenfs.com/en/Benzinga/7f0d7826bcadad8b76d2fa08336f4aec', 'width': 170, 'height': 128, 'tag': '170x128'}]}, 'provider': {'displayName': 'Benzinga', 'url': 'http://www.benzinga.com/'}, 'canonicalUrl': {'url': 'https://finance.yahoo.com/sectors/technology/articles/elon-musk-one-word-apple-183105362.html', 'site': 'finance', 'region': 'US', 'lang': 'en-US'}, 'clickThroughUrl': {'url': 'https://finance.yahoo.com/sectors/technology/articles/elon-musk-one-word-apple-183105362.html', 'site': 'finance', 'region': 'US', 'lang': 'en-US'}, 'metadata': {'editorsPick': False}, 'finance': {'premiumFinance': {'isPremiumNews': False, 'isPremiumFreeNews': False}}, 'storyline': None}}",,news,yfinance_news,yfinance_news,"{'id': '5929baf1-04d6-3385-bb69-609013e2607d', 'contentType': 'STORY', 'title': ""Elon Musk Has One Word for This Apple Problem: 'Ridiculous'"", 'description': '', 'summary': ""Billionaire Elon Musk has long clashed with tech giant Apple Inc, most recently over its iOS app store practices. Now, Musk may be intensifying that battle with more public criticism of the company. Musk Calls Out iOS App Store Apple will celebrate its 50th anniversary next month, but its app store is relatively new, having launched in 2008 alongside the iPhone 3G. Today, it’s home to millions of apps created by Apple and third-party companies. Over the years, however, Apple's App Store has been"", 'pubDate': '2026-03-19T18:31:05Z', 'displayTime': '2026-03-19T18:31:05Z', 'isHosted': True, 'bypassModal': False, 'previewUrl': None, 'thumbnail': {'originalUrl': 'https://media.zenfs.com/en/Benzinga/7f0d7826bcadad8b76d2fa08336f4aec', 'originalWidth': 1000, 'originalHeight': 667, 'caption': '', 'resolutions': [{'url': 'https://s.yimg.com/uu/api/res/1.2/BaPzwltATd0MjIwtLdno2A--~B/aD02Njc7dz0xMDAwO2FwcGlkPXl0YWNoeW9u/https://media.zenfs.com/en/Benzinga/7f0d7826bcadad8b76d2fa08336f4aec', 'width': 1000, 'height': 667, 'tag': 'original'}, {'url': 'https://s.yimg.com/uu/api/res/1.2/V_jr6KGc4eb56RAGNenHGw--~B/Zmk9c3RyaW07aD0xMjg7dz0xNzA7YXBwaWQ9eXRhY2h5b24-/https://media.zenfs.com/en/Benzinga/7f0d7826bcadad8b76d2fa08336f4aec', 'width': 170, 'height': 128, 'tag': '170x128'}]}, 'provider': {'displayName': 'Benzinga', 'url': 'http://www.benzinga.com/'}, 'canonicalUrl': {'url': 'https://finance.yahoo.com/sectors/technology/articles/elon-musk-one-word-apple-183105362.html', 'site': 'finance', 'region': 'US', 'lang': 'en-US'}, 'clickThroughUrl': {'url': 'https://finance.yahoo.com/sectors/technology/articles/elon-musk-one-word-apple-183105362.html', 'site': 'finance', 'region': 'US', 'lang': 'en-US'}, 'metadata': {'editorsPick': False}, 'finance': {'premiumFinance': {'isPremiumNews': False, 'isPremiumFreeNews': False}}, 'storyline': None}",AAPL,,
8dcabe29-c733-36f2-b6c5-238db5d1fa4e,"{'id': '8dcabe29-c733-36f2-b6c5-238db5d1fa4e', 'content': {'id': '8dcabe29-c733-36f2-b6c5-238db5d1fa4e', 'contentType': 'STORY', 'title': 'Apple’s China iPhone Sales Are Up. Thank Memory Cost Increases.', 'description': '', 'summary': 'Apple  iPhone sales outperformed competitors in China, new data show, signaling the company’s ability to persevere against a volatile industry backdrop.  For the first nine weeks of 2026, overall China smartphone sales declined 4% from the prior year, according to a report published by Counterpoint Research on Thursday.  This has caused a shortage in supply, but it’s been a tailwind for suppliers such as  Micron Technology  which reported second-quarter revenue growth of 196% on Wednesday night.', 'pubDate': '2026-03-19T17:51:00Z', 'displayTime': '2026-03-19T17:51:00Z', 'isHosted': False, 'bypassModal': False, 'previewUrl': 'https://finance.yahoo.com/m/8dcabe29-c733-36f2-b6c5-238db5d1fa4e/apple%E2%80%99s-china-iphone-sales.html', 'thumbnail': {'originalUrl': 'https://media.zenfs.com/en/Barrons.com/d2dfae519f87cf4e4255565f7a9dd468', 'originalWidth': 1280, 'originalHeight': 640, 'caption': '', 'resolutions': [{'url': 'https://s.yimg.com/uu/api/res/1.2/J23B512iTgx9lByuqx9HTA--~B/aD02NDA7dz0xMjgwO2FwcGlkPXl0YWNoeW9u/https://media.zenfs.com/en/Barrons.com/d2dfae519f87cf4e4255565f7a9dd468', 'width': 1280, 'height': 640, 'tag': 'original'}, {'url': 'https://s.yimg.com/uu/api/res/1.2/Bmn4SBcTYMMwP3u5B5vgZg--~B/Zmk9c3RyaW07aD0xMjg7dz0xNzA7YXBwaWQ9eXRhY2h5b24-/https://media.zenfs.com/en/Barrons.com/d2dfae519f87cf4e4255565f7a9dd468', 'width': 170, 'height': 128, 'tag': '170x128'}]}, 'provider': {'displayName': 'Barrons.com', 'url': 'http://www.barrons.com/'}, 'canonicalUrl': {'url': 'https://www.barrons.com/articles/apple-china-iphone-sales-memory-cost-increases-a8ec5819?siteid=yhoof2&yptr=yahoo', 'site': 'finance', 'region': 'US', 'lang': 'en-US'}, 'clickThroughUrl': None, 'metadata': {'editorsPick': False}, 'finance': {'premiumFinance': {'isPremiumNews': False, 'isPremiumFreeNews': False}}, 'storyline': None}}",,news,yfinance_news,yfinance_news,"{'id': '8dcabe29-c733-36f2-b6c5-238db5d1fa4e', 'contentType': 'STORY', 'title': 'Apple’s China iPhone Sales Are Up. Thank Memory Cost Increases.', 'description': '', 'summary': 'Apple iPhone sales outperformed competitors in China, new data show, signaling the company’s ability to persevere against a volatile industry backdrop. For the first nine weeks of 2026, overall China smartphone sales declined 4% from the prior year, according to a report published by Counterpoint Research on Thursday. This has caused a shortage in supply, but it’s been a tailwind for suppliers such as Micron Technology which reported second-quarter revenue growth of 196% on Wednesday night.', 'pubDate': '2026-03-19T17:51:00Z', 'displayTime': '2026-03-19T17:51:00Z', 'isHosted': False, 'bypassModal': False, 'previewUrl': 'https://finance.yahoo.com/m/8dcabe29-c733-36f2-b6c5-238db5d1fa4e/apple%E2%80%99s-china-iphone-sales.html', 'thumbnail': {'originalUrl': 'https://media.zenfs.com/en/Barrons.com/d2dfae519f87cf4e4255565f7a9dd468', 'originalWidth': 1280, 'originalHeight': 640, 'caption': '', 'resolutions': [{'url': 'https://s.yimg.com/uu/api/res/1.2/J23B512iTgx9lByuqx9HTA--~B/aD02NDA7dz0xMjgwO2FwcGlkPXl0YWNoeW9u/https://media.zenfs.com/en/Barrons.com/d2dfae519f87cf4e4255565f7a9dd468', 'width': 1280, 'height': 640, 'tag': 'original'}, {'url': 'https://s.yimg.com/uu/api/res/1.2/Bmn4SBcTYMMwP3u5B5vgZg--~B/Zmk9c3RyaW07aD0xMjg7dz0xNzA7YXBwaWQ9eXRhY2h5b24-/https://media.zenfs.com/en/Barrons.com/d2dfae519f87cf4e4255565f7a9dd468', 'width': 170, 'height': 128, 'tag': '170x128'}]}, 'provider': {'displayName': 'Barrons.com', 'url': 'http://www.barrons.com/'}, 'canonicalUrl': {'url': 'https://www.barrons.com/articles/apple-china-iphone-sales-memory-cost-increases-a8ec5819?siteid=yhoof2&yptr=yahoo', 'site': 'finance', 'region': 'US', 'lang': 'en-US'}, 'clickThroughUrl': None, 'metadata': {'editorsPick': False}, 'finance': {'premiumFinance': {'isPremiumNews': False, 'isPremiumFreeNews': False}}, 'storyline': None}",AAPL,,
8a550b00-215b-3690-80a3-194060ab2e1a,"{'id': '8a550b00-215b-3690-80a3-194060ab2e1a', 'content': {'id': '8a550b00-215b-3690-80a3-194060ab2e1a', 'contentType': 'STORY', 'title': 'Apple fends off bid for new Apple Watch import ban at US trade tribunal', 'description': '', 'summary': ""A U.S. trade tribunal preliminarily ruled that Apple's current Apple Watches do not infringe patents owned by Masimo, rejecting the \u200cmedical-monitoring company's bid for a renewed import ban on the tech giant's smartwatches.  Apple altered \u200cits watches to circumvent an import ban that the U.S. International Trade Commission issued in 2023.  An ITC judge \u200bagreed with Apple in a ruling made public on Thursday that the redesigned watches do not violate Masimo's patent rights in blood-oxygen reading technology."", 'pubDate': '2026-03-19T16:13:50Z', 'displayTime': '2026-03-19T16:27:09Z', 'isHosted': True, 'bypassModal': False, 'previewUrl': None, 'thumbnail': {'originalUrl': 'https://media.zenfs.com/en/reuters-finance.com/c7f16fc704121955f7e7819fbf1863ce', 'originalWidth': 800, 'originalHeight': 533, 'caption': '', 'resolutions': [{'url': 'https://s.yimg.com/uu/api/res/1.2/Z7iqJmzIcaZOW2bpx_paJg--~B/aD01MzM7dz04MDA7YXBwaWQ9eXRhY2h5b24-/https://media.zenfs.com/en/reuters-finance.com/c7f16fc704121955f7e7819fbf1863ce', 'width': 800, 'height': 533, 'tag': 'original'}, {'url': 'https://s.yimg.com/uu/api/res/1.2/6CckiWiuI1Dj3C2ciQBnoQ--~B/Zmk9c3RyaW07aD0xMjg7dz0xNzA7YXBwaWQ9eXRhY2h5b24-/https://media.zenfs.com/en/reuters-finance.com/c7f16fc704121955f7e7819fbf1863ce', 'width': 170, 'height': 128, 'tag': '170x128'}]}, 'provider': {'displayName': 'Reuters', 'url': 'http://www.reuters.com/'}, 'canonicalUrl': {'url': 'https://finance.yahoo.com/sectors/healthcare/articles/apple-fends-off-bid-apple-161350874.html', 'site': 'finance', 'region': 'US', 'lang': 'en-US'}, 'clickThroughUrl': {'url': 'https://finance.yahoo.com/sectors/healthcare/articles/apple-fends-off-bid-apple-161350874.html', 'site': 'finance', 'region': 'US', 'lang': 'en-US'}, 'metadata': {'editorsPick': False}, 'finance': {'premiumFinance': {'isPremiumNews': False, 'isPremiumFreeNews': False}}, 'storyline': None}}",,news,yfinance_news,yfinance_news,"{'id': '8a550b00-215b-3690-80a3-194060ab2e1a', 'contentType': 'STORY', 'title': 'Apple fends off bid for new Apple Watch import ban at US trade tribunal', 'description': '', 'summary': ""A U.S. trade tribunal preliminarily ruled that Apple's current Apple Watches do not infringe patents owned by Masimo, rejecting the \u200cmedical-monitoring company's bid for a renewed import ban on the tech giant's smartwatches. Apple altered \u200cits watches to circumvent an import ban that the U.S. International Trade Commission issued in 2023. An ITC judge \u200bagreed with Apple in a ruling made public on Thursday that the redesigned watches do not violate Masimo's patent rights in blood-oxygen reading technology."", 'pubDate': '2026-03-19T16:13:50Z', 'displayTime': '2026-03-19T16:27:09Z', 'isHosted': True, 'bypassModal': False, 'previewUrl': None, 'thumbnail': {'originalUrl': 'https://media.zenfs.com/en/reuters-finance.com/c7f16fc704121955f7e7819fbf1863ce', 'originalWidth': 800, 'originalHeight': 533, 'caption': '', 'resolutions': [{'url': 'https://s.yimg.com/uu/api/res/1.2/Z7iqJmzIcaZOW2bpx_paJg--~B/aD01MzM7dz04MDA7YXBwaWQ9eXRhY2h5b24-/https://media.zenfs.com/en/reuters-finance.com/c7f16fc704121955f7e7819fbf1863ce', 'width': 800, 'height': 533, 'tag': 'original'}, {'url': 'https://s.yimg.com/uu/api/res/1.2/6CckiWiuI1Dj3C2ciQBnoQ--~B/Zmk9c3RyaW07aD0xMjg7dz0xNzA7YXBwaWQ9eXRhY2h5b24-/https://media.zenfs.com/en/reuters-finance.com/c7f16fc704121955f7e7819fbf1863ce', 'width': 170, 'height': 128, 'tag': '170x128'}]}, 'provider': {'displayName': 'Reuters', 'url': 'http://www.reuters.com/'}, 'canonicalUrl': {'url': 'https://finance.yahoo.com/sectors/healthcare/articles/apple-fends-off-bid-apple-161350874.html', 'site': 'finance', 'region': 'US', 'lang': 'en-US'}, 'clickThroughUrl': {'url': 'https://finance.yahoo.com/sectors/healthcare/articles/apple-fends-off-bid-apple-161350874.html', 'site': 'finance', 'region': 'US', 'lang': 'en-US'}, 'metadata': {'editorsPick': False}, 'finance': {'premiumFinance': {'isPremiumNews': False, 'isPremiumFreeNews': False}}, 'storyline': None}",AAPL,,
